searched_name,institution_name,program,id,display_name,title,publication_date,publication_year,type,doi,cited_by_count,is_oa,oa_status
Anais Remili,McGill University,PhD,https://openalex.org/W4406411863,"Persistent pollutant exposure impacts metabolomic profiles in polar bears and ringed seals from the High Arctic and Hudson Bay, Canada","Persistent pollutant exposure impacts metabolomic profiles in polar bears and ringed seals from the High Arctic and Hudson Bay, Canada",2025-01-15,2025,article,https://doi.org/10.1016/j.envres.2025.120862,9,FALSE,closed
Anais Remili,McGill University,PhD,https://openalex.org/W4403165729,Legacy persistent organic pollutants among multiple cetacean species in the Northwest Atlantic,Legacy persistent organic pollutants among multiple cetacean species in the Northwest Atlantic,2024-10-06,2024,article,https://doi.org/10.1016/j.scitotenv.2024.176746,3,TRUE,hybrid
Anais Remili,McGill University,PhD,https://openalex.org/W3137757793,Individual Prey Specialization Drives PCBs in Icelandic Killer Whales,Individual Prey Specialization Drives PCBs in Icelandic Killer Whales,2021-03-24,2021,article,https://doi.org/10.1021/acs.est.0c08563,33,FALSE,closed
Anais Remili,McGill University,PhD,https://openalex.org/W4365484966,Quantitative fatty acid signature analysis reveals a high level of dietary specialization in killer whales across the North Atlantic,Quantitative fatty acid signature analysis reveals a high level of dietary specialization in killer whales across the North Atlantic,2023-04-13,2023,article,https://doi.org/10.1111/1365-2656.13920,33,TRUE,hybrid
Anais Remili,McGill University,PhD,https://openalex.org/W3082282767,Humpback whales (Megaptera novaeangliae) breeding off Mozambique and Ecuador show geographic variation of persistent organic pollutants and isotopic niches,Humpback whales (Megaptera novaeangliae) breeding off Mozambique and Ecuador show geographic variation of persistent organic pollutants and isotopic niches,2020-09-03,2020,article,https://doi.org/10.1016/j.envpol.2020.115575,17,TRUE,bronze
Anais Remili,McGill University,PhD,https://openalex.org/W4387530902,Varying Diet Composition Causes Striking Differences in Legacy and Emerging Contaminant Concentrations in Killer Whales across the North Atlantic,Varying Diet Composition Causes Striking Differences in Legacy and Emerging Contaminant Concentrations in Killer Whales across the North Atlantic,2023-10-11,2023,article,https://doi.org/10.1021/acs.est.3c05516,16,FALSE,closed
Anais Remili,McGill University,PhD,https://openalex.org/W4280505848,Validation of quantitative fatty acid signature analysis for estimating the diet composition of free-ranging killer whales,Validation of quantitative fatty acid signature analysis for estimating the diet composition of free-ranging killer whales,2022-05-13,2022,article,https://doi.org/10.1038/s41598-022-11660-4,12,TRUE,gold
Anais Remili,McGill University,PhD,https://openalex.org/W4413521406,Analyzing the fat of killer whales reveals what they eat,Analyzing the fat of killer whales reveals what they eat,2023-04-14,2023,article,https://doi.org/10.64628/aam.rdyy35p99,0,FALSE,closed
Anais Remili,McGill University,PhD,https://openalex.org/W4413526074,Régime alimentaire toxique : la santé des orques du Canada est fortement menacée par la pollution,Régime alimentaire toxique : la santé des orques du Canada est fortement menacée par la pollution,2023-11-28,2023,article,https://doi.org/10.64628/aap.gk5a57kvj,0,FALSE,closed
Anais Remili,McGill University,PhD,https://openalex.org/W4414744947,Climate variations and a local PCB hotspot have altered metabolomic profiles in ringed seals,Climate variations and a local PCB hotspot have altered metabolomic profiles in ringed seals,2025-10-02,2025,article,https://doi.org/10.1016/j.envres.2025.123006,0,FALSE,closed
Caitlyn Horsch,McGill University,MSc,https://openalex.org/W4361297415,Trait‐based assembly of arbuscular mycorrhizal fungal communities determines soil carbon formation and retention,Trait‐based assembly of arbuscular mycorrhizal fungal communities determines soil carbon formation and retention,2023-03-29,2023,article,https://doi.org/10.1111/nph.18914,67,TRUE,bronze
Caitlyn Horsch,McGill University,MSc,https://openalex.org/W4313431816,Arbuscular mycorrhizal fungal communities with contrasting life-history traits influence host nutrient acquisition,Arbuscular mycorrhizal fungal communities with contrasting life-history traits influence host nutrient acquisition,2023-01-03,2023,article,https://doi.org/10.1007/s00572-022-01098-x,42,FALSE,closed
Catalina Claus,McGill University,MSc,https://openalex.org/W4285112666,Conservation Social Scientists in Transnational Institutions,Conservation Social Scientists in Transnational Institutions,2022-05-27,2022,article,https://doi.org/10.4103/cs.cs_23_21,14,TRUE,gold
Catalina Claus,McGill University,MSc,https://openalex.org/W4405485473,The effects of acclimation to temperature and chloride salinity on the thermal tolerance of goldfish (Carassius auratus),The effects of acclimation to temperature and chloride salinity on the thermal tolerance of goldfish (Carassius auratus),2024-12-17,2024,article,https://doi.org/10.1007/s10641-024-01643-x,3,FALSE,closed
Catalina Claus,McGill University,MSc,https://openalex.org/W4415546674,Effects of temperature and chloride salinity on the functional response of goldfish (Carassius auratus),Effects of temperature and chloride salinity on the functional response of goldfish (Carassius auratus),2025-10-25,2025,article,https://doi.org/10.1007/s10530-025-03671-9,1,FALSE,closed
Christophe Benjamin,McGill University,MSc,https://openalex.org/W4410918184,Optimal methods for sampling Tench (Tinca tinca) in its introduced range,Optimal methods for sampling Tench (Tinca tinca) in its introduced range,2025-01-01,2025,article,https://doi.org/10.3391/mbi.2025.16.2.11,0,TRUE,gold
Christophe Benjamin,McGill University,MSc,https://openalex.org/W7128710362,Thermal effects on feeding efficiency and body condition in invasive and native benthivorous freshwater fishes,Thermal effects on feeding efficiency and body condition in invasive and native benthivorous freshwater fishes,2026-02-01,2026,article,https://doi.org/10.1007/s10530-026-03767-w,0,TRUE,hybrid
Cong Xu,McGill University,PhD,https://openalex.org/W4394743819,Enabling lightweight immersive user interaction in smart buildings through learning-based mobile panorama streaming,Enabling lightweight immersive user interaction in smart buildings through learning-based mobile panorama streaming,2024-04-12,2024,article,https://doi.org/10.1016/j.comcom.2024.04.002,2,FALSE,closed
Cong Xu,McGill University,PhD,https://openalex.org/W4410609376,Lightweight Immersive Interaction with Learning-Based Mobile Panorama Streaming for Smart Buildings,Lightweight Immersive Interaction with Learning-Based Mobile Panorama Streaming for Smart Buildings,2023-11-04,2023,article,https://doi.org/10.1109/insai60116.2023.00068,1,FALSE,closed
Cong Xu,McGill University,PhD,https://openalex.org/W3091845808,Revisiting Multipath Congestion Control for Virtualized Cloud Environments,Revisiting Multipath Congestion Control for Virtualized Cloud Environments,2020-06-01,2020,article,https://doi.org/10.1109/iwqos49365.2020.9212890,2,FALSE,closed
Cong Xu,McGill University,PhD,https://openalex.org/W4414360362,Exploring Multimodal Foundation AI and Expert-in-the-Loop for Sustainable Management of Wild Salmon Fisheries in Indigenous Rivers,Exploring Multimodal Foundation AI and Expert-in-the-Loop for Sustainable Management of Wild Salmon Fisheries in Indigenous Rivers,2025-09-01,2025,article,https://doi.org/10.24963/ijcai.2025/1106,0,FALSE,closed
Cong Xu,McGill University,PhD,https://openalex.org/W4414361123,Exploring Multimodal Foundation AI and Expert-in-the-Loop for Sustainable Management of Wild Salmon Fisheries in Indigenous Rivers,Exploring Multimodal Foundation AI and Expert-in-the-Loop for Sustainable Management of Wild Salmon Fisheries in Indigenous Rivers,2024-08-01,2024,article,https://doi.org/10.24963/ijcai.2024/1106,0,FALSE,closed
David Hunt,McGill University,PhD,https://openalex.org/W4229068500,Effects of insularity on genetic diversity within and among natural populations,Effects of insularity on genetic diversity within and among natural populations,2022-05-01,2022,article,https://doi.org/10.1002/ece3.8887,10,TRUE,gold
David Hunt,McGill University,PhD,https://openalex.org/W4404883068,Biogeographic barriers are differentially permeable based on traits: Movement of hypoxia tolerant mormyrid fish in the Lake Victoria basin,Biogeographic barriers are differentially permeable based on traits: Movement of hypoxia tolerant mormyrid fish in the Lake Victoria basin,2024-11-30,2024,article,https://doi.org/10.1016/j.jglr.2024.102485,2,TRUE,hybrid
David Hunt,McGill University,PhD,https://openalex.org/W4385604525,"Are we there yet? Inter- and intraspecific approaches to evaluating phenotypic optima in a range expanding East African fish, <i>Enteromius apleurogramma</i> (Cyprinidae)","Are we there yet? Inter- and intraspecific approaches to evaluating phenotypic optima in a range expanding East African fish, <i>Enteromius apleurogramma</i> (Cyprinidae)",2023-08-05,2023,article,https://doi.org/10.1093/biolinnean/blad059,2,FALSE,closed
Egor Katkov,McGill University,PhD,https://openalex.org/W3004489557,"Intra‐annual variation of phytoplankton community responses to factorial N, P, and CO<sub>2</sub> enrichment in a temperate mesotrophic lake","Intra‐annual variation of phytoplankton community responses to factorial N, P, and CO<sub>2</sub> enrichment in a temperate mesotrophic lake",2020-02-04,2020,article,https://doi.org/10.1111/fwb.13482,14,FALSE,closed
Egor Katkov,McGill University,PhD,https://openalex.org/W4362671144,The effect of increasing temperature and p<scp>CO<sub>2</sub></scp> on experimental pelagic freshwater communities,The effect of increasing temperature and p<scp>CO<sub>2</sub></scp> on experimental pelagic freshwater communities,2023-04-05,2023,article,https://doi.org/10.1002/lno.12344,10,TRUE,hybrid
Egor Katkov,McGill University,PhD,https://openalex.org/W4416119491,Connectivity and nutrient enrichment affect the productivity and stability of aquatic meta-ecosystems,Connectivity and nutrient enrichment affect the productivity and stability of aquatic meta-ecosystems,2025-11-01,2025,article,https://doi.org/10.1098/rspb.2025.1197,0,TRUE,hybrid
Ella Martin,McGill University,MSc,https://openalex.org/W4323835574,Gradients in the time seeds take to germinate could alter global patterns in predation strength,Gradients in the time seeds take to germinate could alter global patterns in predation strength,2023-03-10,2023,article,https://doi.org/10.1111/jbi.14582,7,TRUE,hybrid
Ella Martin,McGill University,MSc,https://openalex.org/W4415790296,Effects of urbanization on local adaptation and eco-evolutionary feedbacks in white clover,Effects of urbanization on local adaptation and eco-evolutionary feedbacks in white clover,2025-11-03,2025,article,https://doi.org/10.1038/s41559-025-02892-4,0,FALSE,closed
Emmanuelle D'Amours,McGill University,PhD,https://openalex.org/W4385278928,Selection of rhizobial strains differing in their nodulation kinetics under low temperature in four temperate legume species,Selection of rhizobial strains differing in their nodulation kinetics under low temperature in four temperate legume species,2023-07-25,2023,article,https://doi.org/10.1002/glr2.12054,4,TRUE,diamond
Emmanuelle D'Amours,McGill University,PhD,https://openalex.org/W4391293805,Selection of effective and competitive Sinorhizobium meliloti strains that nodulate alfalfa under low temperature,Selection of effective and competitive Sinorhizobium meliloti strains that nodulate alfalfa under low temperature,2024-01-28,2024,article,https://doi.org/10.1016/j.rhisph.2024.100860,1,FALSE,closed
Frédérique Tremblay,McGill University,MSc,https://openalex.org/W4206274833,Resting costs too: the relative importance of active and resting energy expenditure in a sub-arctic seabird,Resting costs too: the relative importance of active and resting energy expenditure in a sub-arctic seabird,2022-01-12,2022,article,https://doi.org/10.1242/jeb.243548,15,TRUE,hybrid
Frédérique Tremblay,McGill University,MSc,https://openalex.org/W4402849670,"Time-energy budgets outperform dynamic body acceleration in predicting daily energy expenditure in kittiwakes, and estimate a very low cost of gliding flight relative to flapping flight","Time-energy budgets outperform dynamic body acceleration in predicting daily energy expenditure in kittiwakes, and estimate a very low cost of gliding flight relative to flapping flight",2024-09-25,2024,article,https://doi.org/10.1242/jeb.247176,2,TRUE,hybrid
Frédérique Tremblay,McGill University,MSc,https://openalex.org/W4410475706,Dealing with the heat: Assessing heat stress in an Arctic seabird using 3D-printed thermal models,Dealing with the heat: Assessing heat stress in an Arctic seabird using 3D-printed thermal models,2025-05-18,2025,article,https://doi.org/10.1016/j.cbpa.2025.111880,0,TRUE,hybrid
Grant Haines,McGill University,PhD,https://openalex.org/W4296579708,Dimensionality and Modularity of Adaptive Variation: Divergence in Threespine Stickleback from Diverse Environments,Dimensionality and Modularity of Adaptive Variation: Divergence in Threespine Stickleback from Diverse Environments,2022-09-12,2022,article,https://doi.org/10.1086/722483,10,FALSE,closed
Grant Haines,McGill University,PhD,https://openalex.org/W4415354622,Evolution of Threespine Stickleback ( <i>Gasterosteus aculeatus</i> ) Defensive Traits following the Stocking of Brook Trout ( <i>Salvelinus fontinalis</i> ),Evolution of Threespine Stickleback ( <i>Gasterosteus aculeatus</i> ) Defensive Traits following the Stocking of Brook Trout ( <i>Salvelinus fontinalis</i> ),2025-10-20,2025,article,https://doi.org/10.1086/739174,1,FALSE,closed
Grant Haines,McGill University,PhD,https://openalex.org/W4308275622,Intraspecific diversity of threespine stickleback (Gasterosteus aculeatus) populations in eastern Canada,Intraspecific diversity of threespine stickleback (Gasterosteus aculeatus) populations in eastern Canada,2022-11-04,2022,article,https://doi.org/10.1007/s10641-022-01362-1,7,FALSE,closed
Grant Haines,McGill University,PhD,https://openalex.org/W3103956673,Adding the third dimension to studies of parallel evolution of morphology and function: An exploration based on parapatric lake‐stream stickleback,Adding the third dimension to studies of parallel evolution of morphology and function: An exploration based on parapatric lake‐stream stickleback,2020-11-17,2020,article,https://doi.org/10.1002/ece3.6929,4,TRUE,gold
Haley Land-Miller,McGill University,MSc,https://openalex.org/W4387271736,Comparison of feeding niches between Arctic and northward-moving sub-Arctic marine mammals in Greenland,Comparison of feeding niches between Arctic and northward-moving sub-Arctic marine mammals in Greenland,2023-10-02,2023,article,https://doi.org/10.3354/meps14440,8,TRUE,green
Hugo Marchand,McGill University,PhD,https://openalex.org/W4281666046,Exposure to Contaminated River Water is Associated with Early Hatching and Dysregulation of Gene Expression in Early Life Stages of the Endangered Copper Redhorse (<i>Moxostoma hubbsi</i>),Exposure to Contaminated River Water is Associated with Early Hatching and Dysregulation of Gene Expression in Early Life Stages of the Endangered Copper Redhorse (<i>Moxostoma hubbsi</i>),2022-05-27,2022,article,https://doi.org/10.1002/etc.5391,7,TRUE,bronze
Imogen Hobbs,McGill University,MSc,https://openalex.org/W4408366597,Measuring the Degree of ‘Fit’ Within Social‐Ecological Systems to Support Local Flood Risk Decision‐Making,Measuring the Degree of ‘Fit’ Within Social‐Ecological Systems to Support Local Flood Risk Decision‐Making,2025-03-01,2025,article,https://doi.org/10.1111/jfr3.70006,0,TRUE,gold
Jade Legros,McGill University,MSc,https://openalex.org/W4392447126,The relative influence of landscape features on maternity roost and hibernaculum selection in temperate bats,The relative influence of landscape features on maternity roost and hibernaculum selection in temperate bats,2024-03-05,2024,article,https://doi.org/10.1139/cjz-2023-0085,0,FALSE,closed
Jenna Schlener,McGill University,MSc,https://openalex.org/W4391517417,"If it ain't broke, don't fix it: variable foraging behaviour is associated with low kittiwake reproductive success","If it ain't broke, don't fix it: variable foraging behaviour is associated with low kittiwake reproductive success",2024-02-02,2024,article,https://doi.org/10.1016/j.anbehav.2023.12.015,4,FALSE,closed
Joe Sanchez Schacht,McGill University,MSc,https://openalex.org/W4385443644,Agricultural land use and morphometry explain substantial variation in nutrient and ion concentrations in lakes across Canada,Agricultural land use and morphometry explain substantial variation in nutrient and ion concentrations in lakes across Canada,2023-08-01,2023,article,https://doi.org/10.1139/cjfas-2023-0109,9,FALSE,closed
Joe Sanchez Schacht,McGill University,MSc,https://openalex.org/W4387795900,Correction: agricultural land use and morphometry explain substantial variation in nutrient and ion concentrations in lakes across Canada,Correction: agricultural land use and morphometry explain substantial variation in nutrient and ion concentrations in lakes across Canada,2023-10-19,2023,article,https://doi.org/10.1139/cjfas-2023-0271,5,FALSE,closed
Julia Briand,McGill University,MSc,https://openalex.org/W4313584893,Spatio-temporal patterns in coral reef composition and function across an altered environmental gradient: A 15-year study in the Caribbean,Spatio-temporal patterns in coral reef composition and function across an altered environmental gradient: A 15-year study in the Caribbean,2023-01-04,2023,article,https://doi.org/10.3389/fmars.2022.977551,5,TRUE,gold
Katie Grabowski,McGill University,MSc,https://openalex.org/W4391886751,"Limited spatiotemporal niche partitioning among mesocarnivores in Gorongosa National Park, Mozambique","Limited spatiotemporal niche partitioning among mesocarnivores in Gorongosa National Park, Mozambique",2024-02-01,2024,article,https://doi.org/10.1002/ece3.10965,6,TRUE,gold
Kirsten Crandall,McGill University,PhD,https://openalex.org/W4306914059,Emerging Tick-Borne Pathogens in Central Canada: Recent Detections of <i>Babesia odocoilei</i> and <i>Rickettsia rickettsii</i>,Emerging Tick-Borne Pathogens in Central Canada: Recent Detections of <i>Babesia odocoilei</i> and <i>Rickettsia rickettsii</i>,2022-10-20,2022,article,https://doi.org/10.1089/vbz.2022.0036,10,FALSE,closed
Kirsten Crandall,McGill University,PhD,https://openalex.org/W4391999586,High‐resolution environmental and host‐related factors impacting questing <i>Ixodes scapularis</i> at their northern range edge,High‐resolution environmental and host‐related factors impacting questing <i>Ixodes scapularis</i> at their northern range edge,2024-02-01,2024,article,https://doi.org/10.1002/ece3.10855,5,TRUE,gold
Kirsten Crandall,McGill University,PhD,https://openalex.org/W4390745033,"Pathogen presence, prevalence, and diversity in Ixodes scapularis and mammal hosts at their expanding northern range limits","Pathogen presence, prevalence, and diversity in Ixodes scapularis and mammal hosts at their expanding northern range limits",2024-01-11,2024,article,https://doi.org/10.3389/fpara.2023.1272790,2,TRUE,diamond
Kirsten Crandall,McGill University,PhD,https://openalex.org/W4386215905,Rocky rule: the idiosyncrasy of spatial and temporal size variation in mammals,Rocky rule: the idiosyncrasy of spatial and temporal size variation in mammals,2023-08-28,2023,article,https://doi.org/10.1093/jmammal/gyad083,1,TRUE,hybrid
Alexander Lanti-Traikovski,University of Alberta,MSc,https://openalex.org/W4414893861,Regional-scale hydrologic settings buffer black spruce regeneration in the presence of post-fire droughts,Regional-scale hydrologic settings buffer black spruce regeneration in the presence of post-fire droughts,2025-01-01,2025,article,https://doi.org/10.1139/cjfr-2024-0312,0,TRUE,hybrid
Anabel Dombro,University of Alberta,MSc,https://openalex.org/W4402096717,Indaziflam Provides Long-Term Reduction of Annual Brome Grass (Bromus spp.) in Canada's Mixedgrass Prairie,Indaziflam Provides Long-Term Reduction of Annual Brome Grass (Bromus spp.) in Canada's Mixedgrass Prairie,2024-08-31,2024,article,https://doi.org/10.1016/j.rama.2024.07.011,4,FALSE,closed
Anabel Dombro,University of Alberta,MSc,https://openalex.org/W4408531646,Nontarget Plant Community and Biomass Responses in Northern Mixed Grassland Treated With Indaziflam for Invasive Annual Brome Control,Nontarget Plant Community and Biomass Responses in Northern Mixed Grassland Treated With Indaziflam for Invasive Annual Brome Control,2025-01-01,2025,article,https://doi.org/10.1111/avsc.70019,0,TRUE,hybrid
Allen Larocque,University of British Columbia,PhD,https://openalex.org/W4389938095,"Legacy of salmon-derived nutrients on riparian soil chemistry and soil fertility on the Central Coast of British Columbia, Canada","Legacy of salmon-derived nutrients on riparian soil chemistry and soil fertility on the Central Coast of British Columbia, Canada",2023-12-19,2023,article,https://doi.org/10.3389/ffgc.2023.1010294,1,TRUE,gold
Alyssa Nonis,University of British Columbia,MSc,https://openalex.org/W4372358143,Summer physical habitat associations and movement of sympatric juvenile rainbow trout (Oncorhynchus mykiss) and Dolly Varden char (Salvelinus malma) in coastal streams of British Columbia,Summer physical habitat associations and movement of sympatric juvenile rainbow trout (Oncorhynchus mykiss) and Dolly Varden char (Salvelinus malma) in coastal streams of British Columbia,2023-05-06,2023,article,https://doi.org/10.1007/s10641-023-01418-w,1,FALSE,closed
Ana Pozas Franco,University of British Columbia,MSc,https://openalex.org/W3171214386,Anthropogenic and Climatic Contributions to Observed Carbon System Trends in the Northeast Pacific,Anthropogenic and Climatic Contributions to Observed Carbon System Trends in the Northeast Pacific,2021-06-17,2021,article,https://doi.org/10.1029/2020gb006829,54,FALSE,closed
Ana Pozas Franco,University of British Columbia,MSc,https://openalex.org/W4296831603,Impact of warming and deoxygenation on the habitat distribution of Pacific halibut in the Northeast Pacific,Impact of warming and deoxygenation on the habitat distribution of Pacific halibut in the Northeast Pacific,2022-09-23,2022,article,https://doi.org/10.1111/fog.12610,28,TRUE,bronze
Ana Pozas Franco,University of British Columbia,MSc,https://openalex.org/W4327604749,Drivers and Potential Consequences of Observed Extreme Hypoxia Along the Canadian Pacific Continental Shelf,Drivers and Potential Consequences of Observed Extreme Hypoxia Along the Canadian Pacific Continental Shelf,2023-03-15,2023,article,https://doi.org/10.1029/2022gl101857,12,TRUE,gold
Anna Cho,University of British Columbia,PhD,https://openalex.org/W4388571327,Phylogenomic position of genetically diverse phagotrophic stramenopile flagellates in the sediment-associated MAST-6 lineage and a potentially halotolerant placididean,Phylogenomic position of genetically diverse phagotrophic stramenopile flagellates in the sediment-associated MAST-6 lineage and a potentially halotolerant placididean,2023-11-10,2023,article,https://doi.org/10.1016/j.ympev.2023.107964,9,FALSE,closed
Anna Cho,University of British Columbia,PhD,https://openalex.org/W4401715634,The core microbiome of cultured Pacific oyster spat is affected by age but not mortality,The core microbiome of cultured Pacific oyster spat is affected by age but not mortality,2024-08-20,2024,article,https://doi.org/10.1128/spectrum.00031-24,4,TRUE,gold
Anna Cho,University of British Columbia,PhD,https://openalex.org/W4220758123,Monophyly of diverse Bigyromonadea and their impact on phylogenomic relationships within stramenopiles,Monophyly of diverse Bigyromonadea and their impact on phylogenomic relationships within stramenopiles,2022-03-28,2022,article,https://doi.org/10.1016/j.ympev.2022.107468,16,TRUE,green
Anna Cho,University of British Columbia,PhD,https://openalex.org/W4399427200,Phylogenomic analyses of ochrophytes (stramenopiles) with an emphasis on neglected lineages,Phylogenomic analyses of ochrophytes (stramenopiles) with an emphasis on neglected lineages,2024-06-07,2024,article,https://doi.org/10.1016/j.ympev.2024.108120,9,TRUE,hybrid
Anna Cho,University of British Columbia,PhD,https://openalex.org/W4393373630,Genomic analyses of Symbiomonas scintillans show no evidence for endosymbiotic bacteria but does reveal the presence of giant viruses,Genomic analyses of Symbiomonas scintillans show no evidence for endosymbiotic bacteria but does reveal the presence of giant viruses,2024-04-01,2024,article,https://doi.org/10.1371/journal.pgen.1011218,1,TRUE,gold
Beatrice Rost-Komiya,University of British Columbia,MSc,https://openalex.org/W4285739811,Do bromeliads affect the arboreal ant communities on orange trees in northwestern Costa Rica?,Do bromeliads affect the arboreal ant communities on orange trees in northwestern Costa Rica?,2022-07-06,2022,article,https://doi.org/10.1371/journal.pone.0271040,1,TRUE,gold
Brock Burgess,University of British Columbia,PhD,https://openalex.org/W4281752187,A genotyping‐in‐thousands by sequencing panel to inform invasive deer management using noninvasive fecal and hair samples,A genotyping‐in‐thousands by sequencing panel to inform invasive deer management using noninvasive fecal and hair samples,2022-06-01,2022,article,https://doi.org/10.1002/ece3.8993,18,TRUE,gold
Brock Burgess,University of British Columbia,PhD,https://openalex.org/W3194031332,The Promise of Genetics and Genomics for Improving Invasive Mammal Management on Islands,The Promise of Genetics and Genomics for Improving Invasive Mammal Management on Islands,2021-08-03,2021,article,https://doi.org/10.3389/fevo.2021.704809,19,TRUE,gold
Brock Burgess,University of British Columbia,PhD,https://openalex.org/W4221012194,Population genomics of Sitka black-tailed deer supports invasive species management and ecological restoration on islands,Population genomics of Sitka black-tailed deer supports invasive species management and ecological restoration on islands,2022-03-10,2022,article,https://doi.org/10.1038/s42003-022-03159-5,9,TRUE,gold
Brock Burgess,University of British Columbia,PhD,https://openalex.org/W4385782684,Past population control biases interpretations of contemporary genetic data: implications for future invasive Sitka black-tailed deer management in Haida Gwaii,Past population control biases interpretations of contemporary genetic data: implications for future invasive Sitka black-tailed deer management in Haida Gwaii,2023-08-12,2023,article,https://doi.org/10.1007/s10530-023-03145-w,2,FALSE,closed
Brock Burgess,University of British Columbia,PhD,https://openalex.org/W7126053263,Environmental <scp>DNA</scp> Reflects Differences in Freshwater Habitat Use Between Two Pacific Salmonids at Fine Temporal Scales,Environmental <scp>DNA</scp> Reflects Differences in Freshwater Habitat Use Between Two Pacific Salmonids at Fine Temporal Scales,2026-01-01,2026,article,https://doi.org/10.1002/edn3.70231,0,TRUE,gold
Bryson Sjodin,University of British Columbia,PhD,https://openalex.org/W3164091966,Chromosome-Level Reference Genome Assembly for the American Pika (<i>Ochotona princeps</i>),Chromosome-Level Reference Genome Assembly for the American Pika (<i>Ochotona princeps</i>),2021-05-21,2021,article,https://doi.org/10.1093/jhered/esab031,19,TRUE,bronze
Bryson Sjodin,University of British Columbia,PhD,https://openalex.org/W3036707593,"RapidRat: Development, validation and application of a genotyping-by-sequencing panel for rapid biosecurity and invasive species management","RapidRat: Development, validation and application of a genotyping-by-sequencing panel for rapid biosecurity and invasive species management",2020-06-18,2020,article,https://doi.org/10.1371/journal.pone.0234694,12,TRUE,gold
Bryson Sjodin,University of British Columbia,PhD,https://openalex.org/W3094382044,Global origins of invasive brown rats (Rattus norvegicus) in the Haida Gwaii archipelago,Global origins of invasive brown rats (Rattus norvegicus) in the Haida Gwaii archipelago,2020-10-22,2020,article,https://doi.org/10.1007/s10530-020-02390-7,6,FALSE,closed
Bryson Sjodin,University of British Columbia,PhD,https://openalex.org/W4394789566,Putative climate adaptation in American pikas (Ochotona princeps) is associated with copy number variation across environmental gradients,Putative climate adaptation in American pikas (Ochotona princeps) is associated with copy number variation across environmental gradients,2024-04-13,2024,article,https://doi.org/10.1038/s41598-024-59157-6,3,TRUE,gold
Cameron Cosgrove,University of British Columbia,MSc,https://openalex.org/W4399824911,Using the full potential of Airborne Laser Scanning (aerial LiDAR) in wildlife research,Using the full potential of Airborne Laser Scanning (aerial LiDAR) in wildlife research,2024-06-18,2024,article,https://doi.org/10.1002/wsb.1532,6,TRUE,diamond
Cameron Cosgrove,University of British Columbia,MSc,https://openalex.org/W4392206871,"Modeling Marbled Murrelet nesting habitat: a quantitative approach using airborne laser scanning data in British Columbia, Canada","Modeling Marbled Murrelet nesting habitat: a quantitative approach using airborne laser scanning data in British Columbia, Canada",2024-01-01,2024,article,https://doi.org/10.5751/ace-02585-190105,2,TRUE,gold
Carly McGregor,University of British Columbia,MSc,https://openalex.org/W4409281509,Pollinators utilize both traditional and forb-supplemented set-aside fields in agriculture,Pollinators utilize both traditional and forb-supplemented set-aside fields in agriculture,2025-04-09,2025,article,https://doi.org/10.1016/j.agee.2025.109682,0,TRUE,hybrid
Caryn Cooper,University of British Columbia,MSc,https://openalex.org/W4313422484,Geographic and seasonal variation in δ13C values of C3 plant arabidopsis: Archaeological implications,Geographic and seasonal variation in δ13C values of C3 plant arabidopsis: Archaeological implications,2022-12-19,2022,article,https://doi.org/10.1016/j.jas.2022.105709,4,FALSE,closed
Chelsea Gowton,University of British Columbia,PhD,https://openalex.org/W3034154797,Peppermint essential oil inhibits Drosophila suzukii emergence but reduces Pachycrepoideus vindemmiae parasitism rates,Peppermint essential oil inhibits Drosophila suzukii emergence but reduces Pachycrepoideus vindemmiae parasitism rates,2020-06-04,2020,article,https://doi.org/10.1038/s41598-020-65189-5,18,TRUE,gold
Chelsea Gowton,University of British Columbia,PhD,https://openalex.org/W3208108869,Intercropping With Peppermint Increases Ground Dwelling Insect and Pollinator Abundance and Decreases Drosophila suzukii in Fruit,Intercropping With Peppermint Increases Ground Dwelling Insect and Pollinator Abundance and Decreases Drosophila suzukii in Fruit,2021-10-21,2021,article,https://doi.org/10.3389/fsufs.2021.700842,12,TRUE,gold
Chelsea Gowton,University of British Columbia,PhD,https://openalex.org/W4404412539,Positive association between foliar silicon and extrafloral nectar in Vicia faba with application of methyl jasmonate,Positive association between foliar silicon and extrafloral nectar in Vicia faba with application of methyl jasmonate,2024-11-15,2024,article,https://doi.org/10.1016/j.baae.2024.11.005,0,TRUE,gold
Cheng Chen,University of British Columbia,PhD,https://openalex.org/W4210622999,Global camera trap synthesis highlights the importance of protected areas in maintaining mammal diversity,Global camera trap synthesis highlights the importance of protected areas in maintaining mammal diversity,2022-01-26,2022,article,https://doi.org/10.1111/conl.12865,71,TRUE,gold
Cheng Chen,University of British Columbia,PhD,https://openalex.org/W4388499228,Combining camera trap surveys and IUCN range maps to improve knowledge of species distributions,Combining camera trap surveys and IUCN range maps to improve knowledge of species distributions,2023-11-08,2023,article,https://doi.org/10.1111/cobi.14221,9,TRUE,hybrid
Cheng Chen,University of British Columbia,PhD,https://openalex.org/W4413625463,Data from thousands of surveillance cameras confirms that protected areas safeguard species diversity,Data from thousands of surveillance cameras confirms that protected areas safeguard species diversity,2022-03-03,2022,article,https://doi.org/10.64628/aam.xpxvayq7q,0,FALSE,closed
Chloe Wright,University of British Columbia,PhD,https://openalex.org/W3190055366,"Female White‐tailed deer ( <i>Odocoileus virginianus</i> ) Behavior During Pregnancy, Parturition, and Lactation in 2 Contrasting Ecoregions","Female White‐tailed deer ( <i>Odocoileus virginianus</i> ) Behavior During Pregnancy, Parturition, and Lactation in 2 Contrasting Ecoregions",2021-08-06,2021,article,https://doi.org/10.1002/wsb.1207,12,FALSE,closed
Chloe Wright,University of British Columbia,PhD,https://openalex.org/W3048079347,Comparing Survival and Movements of Non‐Urban and Urban Translocated Mule Deer,Comparing Survival and Movements of Non‐Urban and Urban Translocated Mule Deer,2020-08-06,2020,article,https://doi.org/10.1002/jwmg.21935,10,FALSE,closed
Coreen Forbes,University of British Columbia,PhD,https://openalex.org/W4405369262,An Experimental Test of Dispersal Limitation of Species Diversity in Eelgrass Meadows,An Experimental Test of Dispersal Limitation of Species Diversity in Eelgrass Meadows,2024-12-13,2024,article,https://doi.org/10.1007/s12237-024-01472-2,2,FALSE,closed
Daniel Robinson,University of British Columbia,MSc,https://openalex.org/W3128829432,Rural Food and Wine Tourism in Canada’s South Okanagan Valley: Transformations for Food Sovereignty?,Rural Food and Wine Tourism in Canada’s South Okanagan Valley: Transformations for Food Sovereignty?,2021-02-07,2021,article,https://doi.org/10.3390/su13041808,30,TRUE,gold
Daniel Robinson,University of British Columbia,MSc,https://openalex.org/W3117055681,Rural Wine and Food Tourism for Cultural Sustainability,Rural Wine and Food Tourism for Cultural Sustainability,2020-12-18,2020,article,https://doi.org/10.3727/108354221x16079839951385,15,FALSE,closed
Daniel Robinson,University of British Columbia,MSc,https://openalex.org/W3042413035,"EXPLORING AGRICULTURAL OPPORTUNITIES IN THE CLAY BELT OF ONTARIO, CANADA","EXPLORING AGRICULTURAL OPPORTUNITIES IN THE CLAY BELT OF ONTARIO, CANADA",2020-07-17,2020,article,https://doi.org/10.2495/eid200141,4,TRUE,bronze
Danielle Schmidt,University of British Columbia,PhD,https://openalex.org/W3033402855,Genotyping‐in‐Thousands by sequencing reveals marked population structure in Western Rattlesnakes to inform conservation status,Genotyping‐in‐Thousands by sequencing reveals marked population structure in Western Rattlesnakes to inform conservation status,2020-06-02,2020,article,https://doi.org/10.1002/ece3.6416,24,TRUE,gold
Danielle Schmidt,University of British Columbia,PhD,https://openalex.org/W3199990092,Genome-wide analysis reveals associations between climate and regional patterns of adaptive divergence and dispersal in American pikas,Genome-wide analysis reveals associations between climate and regional patterns of adaptive divergence and dispersal in American pikas,2021-09-18,2021,article,https://doi.org/10.1038/s41437-021-00472-3,12,TRUE,bronze
Danielle Schmidt,University of British Columbia,PhD,https://openalex.org/W4391691371,Phylogenomics of American pika (Ochotona princeps) lineage diversification,Phylogenomics of American pika (Ochotona princeps) lineage diversification,2024-02-09,2024,article,https://doi.org/10.1016/j.ympev.2024.108030,6,TRUE,hybrid
Danielle Schmidt,University of British Columbia,PhD,https://openalex.org/W4407744809,Genomic Vulnerability of a Sentinel Mammal Under Climate Change,Genomic Vulnerability of a Sentinel Mammal Under Climate Change,2025-02-19,2025,article,https://doi.org/10.1111/mec.17688,4,TRUE,hybrid
Danielle Schmidt,University of British Columbia,PhD,https://openalex.org/W3138224557,NUTS-3 Regionalization of Industrial Load Shifting Potential in Germany using a Time-Resolved Model,NUTS-3 Regionalization of Industrial Load Shifting Potential in Germany using a Time-Resolved Model,2020-02-13,2020,article,NA,2,TRUE,green
Debra Wertman,University of British Columbia,PhD,https://openalex.org/W4391854161,"Neonectria bordenii sp. nov., a potential symbiote of the alder bark beetle, and its detection by quantitative PCR","Neonectria bordenii sp. nov., a potential symbiote of the alder bark beetle, and its detection by quantitative PCR",2024-02-15,2024,article,https://doi.org/10.3114/fuse.2024.13.02,2,TRUE,hybrid
Debra Wertman,University of British Columbia,PhD,https://openalex.org/W4285299985,Microhabitat selection by overwintering alder bark beetles (Coleoptera: Curculionidae: Scolytinae) on red alder (Betulaceae),Microhabitat selection by overwintering alder bark beetles (Coleoptera: Curculionidae: Scolytinae) on red alder (Betulaceae),2022-01-01,2022,article,https://doi.org/10.4039/tce.2022.17,1,TRUE,hybrid
Debra Wertman,University of British Columbia,PhD,https://openalex.org/W4281846580,Adaptive divergence of lateral plate ultrastructure in threespine stickleback (<i>Gasterosteus aculeatus</i>),Adaptive divergence of lateral plate ultrastructure in threespine stickleback (<i>Gasterosteus aculeatus</i>),2022-05-30,2022,article,https://doi.org/10.1139/cjz-2021-0234,0,FALSE,closed
Debra Wertman,University of British Columbia,PhD,https://openalex.org/W4409502234,Evaluating the establishment potential of cabbage stem flea beetle (Coleoptera: Chrysomelidae) and pollen beetle (Coleoptera: Nitidulidae) in canola-growing regions of North America using ensemble species distribution models,Evaluating the establishment potential of cabbage stem flea beetle (Coleoptera: Chrysomelidae) and pollen beetle (Coleoptera: Nitidulidae) in canola-growing regions of North America using ensemble species distribution models,2025-04-16,2025,article,https://doi.org/10.1093/jee/toaf071,0,TRUE,hybrid
Debra Wertman,University of British Columbia,PhD,https://openalex.org/W4410379883,Special delivery: A hardwood‐killing bark beetle vectors its unusual symbiote among host trees,Special delivery: A hardwood‐killing bark beetle vectors its unusual symbiote among host trees,2025-05-01,2025,article,https://doi.org/10.1002/ecs2.70256,0,TRUE,gold
Deirdre Loughnan,University of British Columbia,PhD,https://openalex.org/W4402231693,Phenology varies with phylogeny but not by trophic level with climate change,Phenology varies with phylogeny but not by trophic level with climate change,2024-09-04,2024,article,https://doi.org/10.1038/s41559-024-02499-1,8,FALSE,closed
Deirdre Loughnan,University of British Columbia,PhD,https://openalex.org/W4416227175,Budburst timing within a functional trait framework,Budburst timing within a functional trait framework,2025-11-14,2025,article,https://doi.org/10.1111/1365-2745.70196,0,TRUE,hybrid
Derek Somo,University of British Columbia,PhD,https://openalex.org/W4372308945,"Gill surface area allometry does not constrain the body mass scaling of maximum oxygen uptake rate in the tidepool sculpin, Oligocottus maculosus","Gill surface area allometry does not constrain the body mass scaling of maximum oxygen uptake rate in the tidepool sculpin, Oligocottus maculosus",2023-05-07,2023,article,https://doi.org/10.1007/s00360-023-01490-9,10,FALSE,closed
Derek Somo,University of British Columbia,PhD,https://openalex.org/W3047273081,"Interactive effects of temperature and hypoxia on diffusive water flux and oxygen uptake rate in the tidepool sculpin, Oligocottus maculosus","Interactive effects of temperature and hypoxia on diffusive water flux and oxygen uptake rate in the tidepool sculpin, Oligocottus maculosus",2020-08-04,2020,article,https://doi.org/10.1016/j.cbpa.2020.110781,9,FALSE,closed
Derek Somo,University of British Columbia,PhD,https://openalex.org/W4310800049,"Aerobic scope falls to nil at <i>P</i> <sub>crit</sub> and anaerobic ATP production increases below <i>P</i> <sub>crit</sub> in the tidepool sculpin, <i>Oligocottus maculosus</i>","Aerobic scope falls to nil at <i>P</i> <sub>crit</sub> and anaerobic ATP production increases below <i>P</i> <sub>crit</sub> in the tidepool sculpin, <i>Oligocottus maculosus</i>",2022-12-01,2022,article,https://doi.org/10.1098/rsbl.2022.0342,6,TRUE,green
Dominic Janus,University of British Columbia,MSc,https://openalex.org/W4200167584,Interspecific parental care by a European Starling (Sturnus vulgaris) at the nest of a Hairy Woodpecker (Dryobates villosus),Interspecific parental care by a European Starling (Sturnus vulgaris) at the nest of a Hairy Woodpecker (Dryobates villosus),2021-12-29,2021,article,https://doi.org/10.1676/21-00023,1,FALSE,closed
Elizabeth Cooney,University of British Columbia,PhD,https://openalex.org/W4386692804,Photosystems in the eye-like organelles of heterotrophic warnowiid dinoflagellates,Photosystems in the eye-like organelles of heterotrophic warnowiid dinoflagellates,2023-09-12,2023,article,https://doi.org/10.1016/j.cub.2023.08.052,13,TRUE,bronze
Elizabeth Cooney,University of British Columbia,PhD,https://openalex.org/W4395678004,Investigation of heterotrophs reveals new insights in dinoflagellate evolution,Investigation of heterotrophs reveals new insights in dinoflagellate evolution,2024-04-26,2024,article,https://doi.org/10.1016/j.ympev.2024.108086,13,TRUE,hybrid
Elizabeth Cooney,University of British Columbia,PhD,https://openalex.org/W3092358852,Single-Cell Transcriptomics of <i>Abedinium</i> Reveals a New Early-Branching Dinoflagellate Lineage,Single-Cell Transcriptomics of <i>Abedinium</i> Reveals a New Early-Branching Dinoflagellate Lineage,2020-10-09,2020,article,https://doi.org/10.1093/gbe/evaa196,16,TRUE,gold
Elizabeth Cooney,University of British Columbia,PhD,https://openalex.org/W4296831466,Phylogenomics shows unique traits in Noctilucales are derived rather than ancestral,Phylogenomics shows unique traits in Noctilucales are derived rather than ancestral,2022-09-01,2022,article,https://doi.org/10.1093/pnasnexus/pgac202,11,TRUE,gold
Elizabeth Cooney,University of British Columbia,PhD,https://openalex.org/W4400749092,"Morphology, behavior, and phylogenomics of <i>Oxytoxum lohmannii</i>, Dinoflagellata","Morphology, behavior, and phylogenomics of <i>Oxytoxum lohmannii</i>, Dinoflagellata",2024-07-17,2024,article,https://doi.org/10.1111/jeu.13050,2,TRUE,hybrid
Elizabeth Cooney,University of British Columbia,PhD,https://openalex.org/W4402889100,Hidden syndinian and perkinsid infections in dinoflagellate hosts revealed by single-cell transcriptomics,Hidden syndinian and perkinsid infections in dinoflagellate hosts revealed by single-cell transcriptomics,2024-09-26,2024,article,https://doi.org/10.1093/ismejo/wrae188,1,TRUE,gold
Elizabeth Cooney,University of British Columbia,PhD,https://openalex.org/W2526770047,The Effect of High-Intensity Visible Light on the Bloom Niches of the Phototrophic Dinoflagellates Alexandrium fundyense and Heterocapsa rotundata,The Effect of High-Intensity Visible Light on the Bloom Niches of the Phototrophic Dinoflagellates Alexandrium fundyense and Heterocapsa rotundata,2020-05-22,2020,article,https://doi.org/10.25710/5p9g-xc44,1,TRUE,green
Emma Gillies,University of British Columbia,MSc,https://openalex.org/W4399325038,Exploring Drivers of Historic Mercury Trends in Beluga Whales Using an Ecosystem Modeling Approach,Exploring Drivers of Historic Mercury Trends in Beluga Whales Using an Ecosystem Modeling Approach,2024-06-04,2024,article,https://doi.org/10.1021/acsenvironau.3c00072,0,TRUE,gold
Fanny Couture,University of British Columbia,PhD,https://openalex.org/W4392818654,"The combined effects of predation, fishing, and ocean productivity on salmon species targeted by marine mammals in the northeast Pacific","The combined effects of predation, fishing, and ocean productivity on salmon species targeted by marine mammals in the northeast Pacific",2024-03-14,2024,article,https://doi.org/10.1371/journal.pone.0296358,14,TRUE,gold
Fanny Couture,University of British Columbia,PhD,https://openalex.org/W4285743230,Requirements and availability of prey for northeastern pacific southern resident killer whales,Requirements and availability of prey for northeastern pacific southern resident killer whales,2022-06-27,2022,article,https://doi.org/10.1371/journal.pone.0270523,13,TRUE,gold
Fanny Couture,University of British Columbia,PhD,https://openalex.org/W4415223240,Partitioning the influence of Chinook salmon productivity and stock-specific abundance on the southern resident killer whale population,Partitioning the influence of Chinook salmon productivity and stock-specific abundance on the southern resident killer whale population,2025-10-15,2025,article,https://doi.org/10.1016/j.gecco.2025.e03909,0,TRUE,gold
Fiona Beaty,University of British Columbia,PhD,https://openalex.org/W4402329596,Centering community values in marine planning,Centering community values in marine planning,2024-09-07,2024,article,https://doi.org/10.1016/j.marpol.2024.106363,7,TRUE,hybrid
Fiona Beaty,University of British Columbia,PhD,https://openalex.org/W4387296626,Not just range limits: Warming rate and thermal sensitivity shape climate change vulnerability in a species range center,Not just range limits: Warming rate and thermal sensitivity shape climate change vulnerability in a species range center,2023-10-03,2023,article,https://doi.org/10.1002/ecy.4183,11,TRUE,hybrid
Fiona Beaty,University of British Columbia,PhD,https://openalex.org/W4402347665,From design to implementation: Lessons from planning the first marine protected area network in Canada,From design to implementation: Lessons from planning the first marine protected area network in Canada,2024-09-09,2024,article,https://doi.org/10.1016/j.marpol.2024.106360,10,TRUE,hybrid
Fiona Beaty,University of British Columbia,PhD,https://openalex.org/W4399281983,Centering relationships to place for more meaningful research and engagement,Centering relationships to place for more meaningful research and engagement,2024-06-03,2024,article,https://doi.org/10.1073/pnas.2306991121,7,TRUE,hybrid
Gauthier Monnet,University of British Columbia,PhD,https://openalex.org/W4312050622,Selection for high growth displaces costs of digestion from <scp>SDA</scp> to <scp>SMR</scp> in divergent ecotypes of rainbow trout,Selection for high growth displaces costs of digestion from <scp>SDA</scp> to <scp>SMR</scp> in divergent ecotypes of rainbow trout,2022-12-19,2022,article,https://doi.org/10.1111/eff.12697,5,FALSE,closed
Gauthier Monnet,University of British Columbia,PhD,https://openalex.org/W3161995300,Behavioural variation between piscivore and insectivore rainbow trout <scp><i>Oncorhynchus mykiss</i></scp>,Behavioural variation between piscivore and insectivore rainbow trout <scp><i>Oncorhynchus mykiss</i></scp>,2021-05-10,2021,article,https://doi.org/10.1111/jfb.14781,4,FALSE,closed
Gauthier Monnet,University of British Columbia,PhD,https://openalex.org/W3082490711,"Adaptive differentiation of growth, energetics and behaviour between piscivore and insectivore juvenile rainbow trout along the Pace‐of‐Life continuum","Adaptive differentiation of growth, energetics and behaviour between piscivore and insectivore juvenile rainbow trout along the Pace‐of‐Life continuum",2020-08-29,2020,article,https://doi.org/10.1111/1365-2656.13326,19,TRUE,bronze
Gauthier Monnet,University of British Columbia,PhD,https://openalex.org/W4224225441,"Growth variation in the endangered fish <scp><i>Zingel asper</i></scp>: Contribution of substrate quality, hydraulics, prey abundance, and water temperature","Growth variation in the endangered fish <scp><i>Zingel asper</i></scp>: Contribution of substrate quality, hydraulics, prey abundance, and water temperature",2022-04-19,2022,article,https://doi.org/10.1002/aqc.3818,6,TRUE,hybrid
Gauthier Monnet,University of British Columbia,PhD,https://openalex.org/W4296025971,Divergence in digestive and metabolic strategies matches habitat differentiation in juvenile salmonids,Divergence in digestive and metabolic strategies matches habitat differentiation in juvenile salmonids,2022-09-01,2022,article,https://doi.org/10.1002/ece3.9280,5,TRUE,gold
Gauthier Monnet,University of British Columbia,PhD,https://openalex.org/W4297183896,Growth variation along a dispersal gradient in juvenile rainbow trout,Growth variation along a dispersal gradient in juvenile rainbow trout,2022-09-23,2022,article,https://doi.org/10.1111/eff.12682,3,FALSE,closed
Gracy Buckholtz,University of British Columbia,MSc,https://openalex.org/W4406687758,"Decrypting the Invasion of Non-native Cattails (Typha spp.) in the Fraser River Estuary, British Columbia, Using Morphological and Microsatellite Analyses","Decrypting the Invasion of Non-native Cattails (Typha spp.) in the Fraser River Estuary, British Columbia, Using Morphological and Microsatellite Analyses",2025-01-22,2025,article,https://doi.org/10.1007/s12237-025-01489-1,1,FALSE,closed
Haley Branch,University of British Columbia,PhD,https://openalex.org/W4400790496,Regional differences in leaf evolution facilitate photosynthesis following severe drought,Regional differences in leaf evolution facilitate photosynthesis following severe drought,2024-07-17,2024,article,https://doi.org/10.1111/nph.19963,15,TRUE,hybrid
Haley Branch,University of British Columbia,PhD,https://openalex.org/W4220872301,Discussions of the “Not So Fit”: How Ableism Limits Diverse Thought and Investigative Potential in Evolutionary Biology,Discussions of the “Not So Fit”: How Ableism Limits Diverse Thought and Investigative Potential in Evolutionary Biology,2022-03-24,2022,article,https://doi.org/10.1086/720003,17,FALSE,closed
Haley Branch,University of British Columbia,PhD,https://openalex.org/W4392862575,Phenotypic lags influence rapid evolution throughout a drought cycle,Phenotypic lags influence rapid evolution throughout a drought cycle,2024-03-15,2024,article,https://doi.org/10.1093/evolut/qpae037,6,FALSE,closed
Haley Branch,University of British Columbia,PhD,https://openalex.org/W4415707089,The sleeping giant needs coffee: overlooked areas for the integration of plant ecophysiology and evolutionary biology,The sleeping giant needs coffee: overlooked areas for the integration of plant ecophysiology and evolutionary biology,2025-10-30,2025,article,https://doi.org/10.32942/x2sh32,0,TRUE,gold
Haley Branch,University of British Columbia,PhD,https://openalex.org/W7128236254,The sleeping giant needs coffee: Overlooked areas for integrating plant ecophysiology and evolutionary biology,The sleeping giant needs coffee: Overlooked areas for integrating plant ecophysiology and evolutionary biology,2026-02-01,2026,article,https://doi.org/10.1002/ajb2.70164,0,TRUE,hybrid
Hehan Zhang,University of British Columbia,MSc,https://openalex.org/W4206753380,The Bacteroidetes Aequorivita sp. and Kaistella jeonii Produce Promiscuous Esterases With PET-Hydrolyzing Activity,The Bacteroidetes Aequorivita sp. and Kaistella jeonii Produce Promiscuous Esterases With PET-Hydrolyzing Activity,2022-01-05,2022,article,https://doi.org/10.3389/fmicb.2021.803896,59,TRUE,gold
Hehan Zhang,University of British Columbia,MSc,https://openalex.org/W4385638949,The metagenome‐derived esterase <scp>PET40</scp> is highly promiscuous and hydrolyses polyethylene terephthalate ( <scp>PET</scp> ),The metagenome‐derived esterase <scp>PET40</scp> is highly promiscuous and hydrolyses polyethylene terephthalate ( <scp>PET</scp> ),2023-08-07,2023,article,https://doi.org/10.1111/febs.16924,26,TRUE,bronze
Ilan Rubin,University of British Columbia,PhD,https://openalex.org/W4319310885,Adaptive diversification and niche packing on rugged fitness landscapes,Adaptive diversification and niche packing on rugged fitness landscapes,2023-02-06,2023,article,https://doi.org/10.1016/j.jtbi.2023.111421,9,FALSE,closed
Ilan Rubin,University of British Columbia,PhD,https://openalex.org/W3186564709,Evolution to alternative levels of stable diversity leaves areas of niche space unexplored,Evolution to alternative levels of stable diversity leaves areas of niche space unexplored,2021-07-28,2021,article,https://doi.org/10.1371/journal.pcbi.1008650,9,TRUE,gold
Jacob Lerner,University of British Columbia,PhD,https://openalex.org/W4301394090,Stable isotopes reveal that bottom-up omnivory drives food chain length and trophic position in eutrophic coastal ecosystems,Stable isotopes reveal that bottom-up omnivory drives food chain length and trophic position in eutrophic coastal ecosystems,2022-10-01,2022,article,https://doi.org/10.1093/icesjms/fsac171,9,TRUE,bronze
Jacob Lerner,University of British Columbia,PhD,https://openalex.org/W3144995884,"Experimentally derived trophic enrichment and discrimination factors for Chinook salmon, <scp> <i>Oncorhynchus tshawytscha</i> </scp>","Experimentally derived trophic enrichment and discrimination factors for Chinook salmon, <scp> <i>Oncorhynchus tshawytscha</i> </scp>",2021-03-31,2021,article,https://doi.org/10.1002/rcm.9092,5,FALSE,closed
Jacob Lerner,University of British Columbia,PhD,https://openalex.org/W4321004049,Seasonal variation in the lipid content of Fraser River Chinook Salmon (Oncorhynchus tshawytscha) and its implications for Southern Resident Killer Whale (Orcinus orca) prey quality,Seasonal variation in the lipid content of Fraser River Chinook Salmon (Oncorhynchus tshawytscha) and its implications for Southern Resident Killer Whale (Orcinus orca) prey quality,2023-02-15,2023,article,https://doi.org/10.1038/s41598-023-28321-9,15,TRUE,gold
Jacob Lerner,University of British Columbia,PhD,https://openalex.org/W4392338219,Stable isotopes delineate regional pelagic food web structure in British Columbia’s coastal ocean,Stable isotopes delineate regional pelagic food web structure in British Columbia’s coastal ocean,2024-02-29,2024,article,https://doi.org/10.1139/cjfas-2023-0057,1,FALSE,closed
Jacob Lerner,University of British Columbia,PhD,https://openalex.org/W4417216141,Compound‐Specific Stable Isotope Analysis Reveals Population‐Specific Differences in Chinook Salmon Trophic Level and Basal Resource Use in the Northeast Pacific,Compound‐Specific Stable Isotope Analysis Reveals Population‐Specific Differences in Chinook Salmon Trophic Level and Basal Resource Use in the Northeast Pacific,2025-12-10,2025,article,https://doi.org/10.1111/fog.70024,0,TRUE,hybrid
Jihyun Kim,University of British Columbia,MSc,https://openalex.org/W4391898420,Heatwave‐mediated decreases in phytoplankton quality negatively affect zooplankton productivity,Heatwave‐mediated decreases in phytoplankton quality negatively affect zooplankton productivity,2024-02-16,2024,article,https://doi.org/10.1111/1365-2435.14530,8,TRUE,hybrid
Joanne Breckenridge,University of British Columbia,PhD,https://openalex.org/W3012551364,Copepod Assemblage Dynamics in a Snowmelt-Dominated Estuary,Copepod Assemblage Dynamics in a Snowmelt-Dominated Estuary,2020-03-13,2020,article,https://doi.org/10.1007/s12237-020-00722-3,6,FALSE,closed
Joanne Breckenridge,University of British Columbia,PhD,https://openalex.org/W3186237113,Areas of high water residence time are critical to pelagic secondary production in the Fraser River Estuary,Areas of high water residence time are critical to pelagic secondary production in the Fraser River Estuary,2020-01-01,2020,article,NA,0,FALSE,closed
Joanne Breckenridge,University of British Columbia,PhD,https://openalex.org/W4400847784,"Spring resting egg production of the calanoid copepod, <i>Eurytemora affinis</i>, in a freshet-dominated estuary","Spring resting egg production of the calanoid copepod, <i>Eurytemora affinis</i>, in a freshet-dominated estuary",2024-07-20,2024,article,https://doi.org/10.1093/plankt/fbae039,0,TRUE,hybrid
Joanne Breckenridge,University of British Columbia,PhD,https://openalex.org/W4411593233,Basin-scale zooplankton composition in the Eastern Subarctic Pacific in the winter-spring,Basin-scale zooplankton composition in the Eastern Subarctic Pacific in the winter-spring,2025-06-24,2025,article,https://doi.org/10.1016/j.pocean.2025.103526,0,FALSE,closed
Johannes Exler,University of British Columbia,PhD,https://openalex.org/W4307029833,"Quantifying throughfall, stemflow and interception loss in five vegetation communities in a maritime raised bog","Quantifying throughfall, stemflow and interception loss in five vegetation communities in a maritime raised bog",2022-10-21,2022,article,https://doi.org/10.1016/j.agrformet.2022.109202,14,FALSE,closed
Johannes Exler,University of British Columbia,PhD,https://openalex.org/W4408853494,Interannual climatic sensitivity of surface energy flux densities and evapotranspiration in a disturbed and rewetted ombrotrophic bog,Interannual climatic sensitivity of surface energy flux densities and evapotranspiration in a disturbed and rewetted ombrotrophic bog,2025-03-26,2025,article,https://doi.org/10.1016/j.agrformet.2025.110501,0,TRUE,hybrid
Aaron Fairweather,University of Guelph,PhD,https://openalex.org/W3081588012,"Ants (Hymenoptera: Formicidae) of Rockwood Park, New Brunswick: An Assessment of Species Richness and Habitat","Ants (Hymenoptera: Formicidae) of Rockwood Park, New Brunswick: An Assessment of Species Richness and Habitat",2020-08-27,2020,article,https://doi.org/10.1656/045.027.0316,3,FALSE,closed
Aaron Fairweather,University of Guelph,PhD,https://openalex.org/W3040651991,Les inégalités sociales de santé. Le positionnement du pharmacien d’officine,Les inégalités sociales de santé. Le positionnement du pharmacien d’officine,2020-03-10,2020,article,NA,0,TRUE,green
Alexandra Mayette,University of Manitoba,MSc,https://openalex.org/W4220771104,Group characteristics and spatial organization of the Eastern Beaufort Sea beluga whale (<i>Delphinapterus leucas</i>) population using aerial photographs,Group characteristics and spatial organization of the Eastern Beaufort Sea beluga whale (<i>Delphinapterus leucas</i>) population using aerial photographs,2022-03-10,2022,article,https://doi.org/10.1139/cjz-2021-0232,11,TRUE,hybrid
Alexandra Mayette,University of Manitoba,MSc,https://openalex.org/W4322622986,Summer distribution and habitat preference of beluga whale social groups in the Eastern Beaufort Sea,Summer distribution and habitat preference of beluga whale social groups in the Eastern Beaufort Sea,2023-02-28,2023,article,https://doi.org/10.1139/as-2022-0035,4,TRUE,gold
Alexandra Mayette,University of Manitoba,MSc,https://openalex.org/W4402004605,"Proximity analysis between icebreakers and narwhals in Tasiujaq, Nunavut, Canada","Proximity analysis between icebreakers and narwhals in Tasiujaq, Nunavut, Canada",2024-08-29,2024,article,https://doi.org/10.1002/jwmg.22655,0,TRUE,hybrid
Alexandra Mayette,University of Manitoba,MSc,https://openalex.org/W7130306445,A regression-based method to estimate vessel mass for use in whale-ship strike risk models,A regression-based method to estimate vessel mass for use in whale-ship strike risk models,2026-02-18,2026,article,https://doi.org/10.1371/journal.pone.0339760,0,TRUE,gold
Arjan Banerjee,University of Toronto,PhD,https://openalex.org/W3046320469,Reconstructing plastome evolution across the phylogenetic backbone of the parasitic plant genus<i>Cuscuta</i>(Convolvulaceae),Reconstructing plastome evolution across the phylogenetic backbone of the parasitic plant genus<i>Cuscuta</i>(Convolvulaceae),2020-06-16,2020,article,https://doi.org/10.1093/botlinnean/boaa056,32,FALSE,closed
Arjan Banerjee,University of Toronto,PhD,https://openalex.org/W4321749521,A comparative study across the parasitic plants of Cuscuta subgenus Grammica (Convolvulaceae) reveals a possible loss of the plastid genome in its section Subulatae,A comparative study across the parasitic plants of Cuscuta subgenus Grammica (Convolvulaceae) reveals a possible loss of the plastid genome in its section Subulatae,2023-02-24,2023,article,https://doi.org/10.1007/s00425-023-04099-y,13,FALSE,closed
Arjan Banerjee,University of Toronto,PhD,https://openalex.org/W4220653544,Plastid Genomes of the Hemiparasitic Genus<i>Krameria</i>(Zygophyllales) Are Intact and Exhibit Little Relaxation in Selection,Plastid Genomes of the Hemiparasitic Genus<i>Krameria</i>(Zygophyllales) Are Intact and Exhibit Little Relaxation in Selection,2022-04-01,2022,article,https://doi.org/10.1086/719959,5,TRUE,hybrid
Benjamin Zdasiuk,University of Toronto,MSc,https://openalex.org/W4296858126,"Evaluating acid-aluminum stress in streams of the Northeastern U.S. at watershed, fish community and physiological scales","Evaluating acid-aluminum stress in streams of the Northeastern U.S. at watershed, fish community and physiological scales",2022-09-23,2022,article,https://doi.org/10.1016/j.ecolind.2022.109480,6,TRUE,gold
Benjamin Zdasiuk,University of Toronto,MSc,https://openalex.org/W4389672492,Movement of an imperiled esocid fish in an agricultural drain,Movement of an imperiled esocid fish in an agricultural drain,2023-12-13,2023,article,https://doi.org/10.1186/s40462-023-00420-2,5,TRUE,gold
Adam Kuhrt,Wilfrid Laurier University,MSc,https://openalex.org/W4404316158,Dietary preferences of Ninespine Stickleback in high Arctic tundra streams,Dietary preferences of Ninespine Stickleback in high Arctic tundra streams,2024-11-13,2024,article,https://doi.org/10.1086/734010,0,FALSE,closed
