searched_name,institution_name,program,id,display_name,title,publication_date,publication_year,type,doi,cited_by_count,is_oa,oa_status,is_paratext,type_crossref
Mark Jewell,McGill University,PhD,https://openalex.org/W4310672748,A basic community dynamics experiment: Disentangling deterministic and stochastic processes in structuring ecological communities,A basic community dynamics experiment: Disentangling deterministic and stochastic processes in structuring ecological communities,2022-12-01,2022,article,https://doi.org/10.1002/ece3.9568,5,TRUE,gold,FALSE,NA
John Cristiani,University of British Columbia,PhD,https://openalex.org/W3197757739,A Biophysical Model and Network Analysis of Invertebrate Community Dispersal Reveals Regional Patterns of Seagrass Habitat Connectivity,A Biophysical Model and Network Analysis of Invertebrate Community Dispersal Reveals Regional Patterns of Seagrass Habitat Connectivity,2021-08-31,2021,article,https://doi.org/10.3389/fmars.2021.717469,29,TRUE,gold,FALSE,NA
Arjan Banerjee,University of Toronto,PhD,https://openalex.org/W4321749521,A comparative study across the parasitic plants of Cuscuta subgenus Grammica (Convolvulaceae) reveals a possible loss of the plastid genome in its section Subulatae,A comparative study across the parasitic plants of Cuscuta subgenus Grammica (Convolvulaceae) reveals a possible loss of the plastid genome in its section Subulatae,2023-02-24,2023,article,https://doi.org/10.1007/s00425-023-04099-y,13,FALSE,closed,FALSE,NA
Brock Burgess,University of British Columbia,PhD,https://openalex.org/W4281752187,A genotyping‐in‐thousands by sequencing panel to inform invasive deer management using noninvasive fecal and hair samples,A genotyping‐in‐thousands by sequencing panel to inform invasive deer management using noninvasive fecal and hair samples,2022-06-01,2022,article,https://doi.org/10.1002/ece3.8993,19,TRUE,gold,FALSE,NA
Nicole Knight,McGill University,PhD,https://openalex.org/W3127925122,A global meta‐analysis of temperature effects on marine fishes’ digestion across trophic groups,A global meta‐analysis of temperature effects on marine fishes’ digestion across trophic groups,2021-01-31,2021,article,https://doi.org/10.1111/geb.13262,15,FALSE,closed,FALSE,NA
Alexandra Mayette,University of Manitoba,MSc,https://openalex.org/W7130306445,A regression-based method to estimate vessel mass for use in whale-ship strike risk models,A regression-based method to estimate vessel mass for use in whale-ship strike risk models,2026-02-18,2026,article,https://doi.org/10.1371/journal.pone.0339760,0,TRUE,gold,FALSE,NA
Katherine Carbeck,University of British Columbia,PhD,https://openalex.org/W4223525733,Adaptation to climate change through seasonal migration revealed by climatic versus demographic niche models,Adaptation to climate change through seasonal migration revealed by climatic versus demographic niche models,2022-04-02,2022,article,https://doi.org/10.1111/gcb.16185,10,FALSE,closed,FALSE,NA
Debra Wertman,University of British Columbia,PhD,https://openalex.org/W4281846580,Adaptive divergence of lateral plate ultrastructure in threespine stickleback (<i>Gasterosteus aculeatus</i>),Adaptive divergence of lateral plate ultrastructure in threespine stickleback (<i>Gasterosteus aculeatus</i>),2022-05-30,2022,article,https://doi.org/10.1139/cjz-2021-0234,0,FALSE,closed,FALSE,NA
Ilan Rubin,University of British Columbia,PhD,https://openalex.org/W4319310885,Adaptive diversification and niche packing on rugged fitness landscapes,Adaptive diversification and niche packing on rugged fitness landscapes,2023-02-06,2023,article,https://doi.org/10.1016/j.jtbi.2023.111421,9,FALSE,closed,FALSE,NA
Derek Somo,University of British Columbia,PhD,https://openalex.org/W4310800049,"Aerobic scope falls to nil at <i>P</i> <sub>crit</sub> and anaerobic ATP production increases below <i>P</i> <sub>crit</sub> in the tidepool sculpin, <i>Oligocottus maculosus</i>","Aerobic scope falls to nil at <i>P</i> <sub>crit</sub> and anaerobic ATP production increases below <i>P</i> <sub>crit</sub> in the tidepool sculpin, <i>Oligocottus maculosus</i>",2022-12-01,2022,article,https://doi.org/10.1098/rsbl.2022.0342,6,TRUE,green,FALSE,NA
Joe Sanchez Schacht,McGill University,MSc,https://openalex.org/W4385443644,Agricultural land use and morphometry explain substantial variation in nutrient and ion concentrations in lakes across Canada,Agricultural land use and morphometry explain substantial variation in nutrient and ion concentrations in lakes across Canada,2023-08-01,2023,article,https://doi.org/10.1139/cjfas-2023-0109,9,FALSE,closed,FALSE,NA
Aziz Ullah,University of Alberta,PhD,https://openalex.org/W4409084987,Alliance Between Conifer Trees and Endophytic Fungi Against Insect Defoliators,Alliance Between Conifer Trees and Endophytic Fungi Against Insect Defoliators,2025-04-01,2025,article,https://doi.org/10.1111/pce.15503,6,TRUE,hybrid,FALSE,NA
Coreen Forbes,University of British Columbia,PhD,https://openalex.org/W4405369262,An Experimental Test of Dispersal Limitation of Species Diversity in Eelgrass Meadows,An Experimental Test of Dispersal Limitation of Species Diversity in Eelgrass Meadows,2024-12-13,2024,article,https://doi.org/10.1007/s12237-024-01472-2,2,FALSE,closed,FALSE,NA
Alexander Hare,University of Guelph,PhD,https://openalex.org/W3162452711,An independent experiment does not support stress-mediated kin discrimination through red squirrel vocalizations,An independent experiment does not support stress-mediated kin discrimination through red squirrel vocalizations,2021-05-15,2021,article,https://doi.org/10.1016/j.anbehav.2021.04.010,1,FALSE,closed,FALSE,NA
Christine Palermo,University of Toronto,PhD,https://openalex.org/W4365457652,Analysis of bacterioplankton genes in an impaired Great Lakes harbour reveals seasonal metabolic shifts and a previously undetected cyanobacterium,Analysis of bacterioplankton genes in an impaired Great Lakes harbour reveals seasonal metabolic shifts and a previously undetected cyanobacterium,2023-04-13,2023,article,https://doi.org/10.1139/cjm-2022-0252,3,TRUE,hybrid,FALSE,NA
Anais Remili,McGill University,PhD,https://openalex.org/W4413521406,Analyzing the fat of killer whales reveals what they eat,Analyzing the fat of killer whales reveals what they eat,2023-04-14,2023,article,https://doi.org/10.64628/aam.rdyy35p99,0,FALSE,closed,FALSE,NA
Ana Pozas Franco,University of British Columbia,MSc,https://openalex.org/W3171214386,Anthropogenic and Climatic Contributions to Observed Carbon System Trends in the Northeast Pacific,Anthropogenic and Climatic Contributions to Observed Carbon System Trends in the Northeast Pacific,2021-06-17,2021,article,https://doi.org/10.1029/2020gb006829,56,FALSE,closed,FALSE,NA
John Cristiani,University of British Columbia,PhD,https://openalex.org/W4409360119,Anthropogenic impacts on seagrass habitat connectivity: a model to explore potential links between human activity and marine invertebrate metapopulation persistence,Anthropogenic impacts on seagrass habitat connectivity: a model to explore potential links between human activity and marine invertebrate metapopulation persistence,2025-01-01,2025,article,https://doi.org/10.1139/facets-2024-0152,2,TRUE,gold,FALSE,NA
Caitlyn Horsch,McGill University,MSc,https://openalex.org/W4313431816,Arbuscular mycorrhizal fungal communities with contrasting life-history traits influence host nutrient acquisition,Arbuscular mycorrhizal fungal communities with contrasting life-history traits influence host nutrient acquisition,2023-01-03,2023,article,https://doi.org/10.1007/s00572-022-01098-x,44,FALSE,closed,FALSE,NA
Mitchell Fennell,University of British Columbia,MSc,https://openalex.org/W4389090696,Assessing the impacts of recreation on the spatial and temporal activity of mammals in an isolated alpine protected area,Assessing the impacts of recreation on the spatial and temporal activity of mammals in an isolated alpine protected area,2023-11-01,2023,article,https://doi.org/10.1002/ece3.10733,19,TRUE,gold,FALSE,NA
Kristen Sora,University of British Columbia,PhD,https://openalex.org/W4412800749,Assessing vulnerability of Arctic fish species to climate change,Assessing vulnerability of Arctic fish species to climate change,2025-07-31,2025,article,https://doi.org/10.1007/s44289-025-00056-7,1,TRUE,diamond,FALSE,NA
Joanne Breckenridge,University of British Columbia,PhD,https://openalex.org/W4411593233,Basin-scale zooplankton composition in the Eastern Subarctic Pacific in the winter-spring,Basin-scale zooplankton composition in the Eastern Subarctic Pacific in the winter-spring,2025-06-24,2025,article,https://doi.org/10.1016/j.pocean.2025.103526,0,FALSE,closed,FALSE,NA
Gauthier Monnet,University of British Columbia,PhD,https://openalex.org/W3161995300,Behavioural variation between piscivore and insectivore rainbow trout <scp><i>Oncorhynchus mykiss</i></scp>,Behavioural variation between piscivore and insectivore rainbow trout <scp><i>Oncorhynchus mykiss</i></scp>,2021-05-10,2021,article,https://doi.org/10.1111/jfb.14781,4,FALSE,closed,FALSE,NA
Abigail Wiesner,University of Guelph,MSc,https://openalex.org/W4205358459,"Biology and Distribution of Box Tree Moth (&amp;lt;em&amp;gt;Cydalima perspectalis&amp;lt;/em&amp;gt;) (Walker, 1859) in Southern Ontario","Biology and Distribution of Box Tree Moth (&amp;lt;em&amp;gt;Cydalima perspectalis&amp;lt;/em&amp;gt;) (Walker, 1859) in Southern Ontario",2021-07-01,2021,article,https://doi.org/10.3390/iece-10514,5,TRUE,hybrid,FALSE,NA
Raelani Kesler,University of British Columbia,MSc,https://openalex.org/W7133311445,Black plastic tarps as overwinter soil cover influence soil nitrogen and soil water content on farms in British Columbia,Black plastic tarps as overwinter soil cover influence soil nitrogen and soil water content on farms in British Columbia,2026-03-03,2026,article,https://doi.org/10.1139/cjss-2025-0072,0,FALSE,closed,FALSE,NA
You Li,McGill University,MSc,https://openalex.org/W4390226067,Blue-green water migration and utilization efficiency under various irrigation-drainage measures applied to a paddy field,Blue-green water migration and utilization efficiency under various irrigation-drainage measures applied to a paddy field,2023-12-26,2023,article,https://doi.org/10.1016/j.ejrh.2023.101641,3,TRUE,gold,FALSE,NA
Deirdre Loughnan,University of British Columbia,PhD,https://openalex.org/W4416227175,Budburst timing within a functional trait framework,Budburst timing within a functional trait framework,2025-11-14,2025,article,https://doi.org/10.1111/1365-2745.70196,0,TRUE,hybrid,FALSE,NA
Julia McAulay,University of British Columbia,MSc,https://openalex.org/W4414521295,Burn severity modifies the impact of salvage logging on post-wildfire natural regeneration of Douglas-fir in interior British Columbia,Burn severity modifies the impact of salvage logging on post-wildfire natural regeneration of Douglas-fir in interior British Columbia,2025-09-25,2025,article,https://doi.org/10.1016/j.foreco.2025.123132,0,TRUE,hybrid,FALSE,NA
Katherine Carbeck,University of British Columbia,PhD,https://openalex.org/W4388456066,Candidate genes under selection in song sparrows co-vary with climate and body mass in support of Bergmann’s Rule,Candidate genes under selection in song sparrows co-vary with climate and body mass in support of Bergmann’s Rule,2023-11-07,2023,article,https://doi.org/10.1038/s41467-023-42786-2,13,TRUE,gold,FALSE,NA
Fiona Beaty,University of British Columbia,PhD,https://openalex.org/W4402329596,Centering community values in marine planning,Centering community values in marine planning,2024-09-07,2024,article,https://doi.org/10.1016/j.marpol.2024.106363,8,TRUE,hybrid,FALSE,NA
Fiona Beaty,University of British Columbia,PhD,https://openalex.org/W4399281983,Centering relationships to place for more meaningful research and engagement,Centering relationships to place for more meaningful research and engagement,2024-06-03,2024,article,https://doi.org/10.1073/pnas.2306991121,7,TRUE,hybrid,FALSE,NA
Kristen Lalla,McGill University,MSc,https://openalex.org/W4296784219,Central-place foraging poses variable constraints year-round in a neotropical migrant,Central-place foraging poses variable constraints year-round in a neotropical migrant,2022-09-20,2022,article,https://doi.org/10.1186/s40462-022-00337-2,16,TRUE,gold,FALSE,NA
Bryson Sjodin,University of British Columbia,PhD,https://openalex.org/W3164091966,Chromosome-Level Reference Genome Assembly for the American Pika (<i>Ochotona princeps</i>),Chromosome-Level Reference Genome Assembly for the American Pika (<i>Ochotona princeps</i>),2021-05-21,2021,article,https://doi.org/10.1093/jhered/esab031,19,TRUE,bronze,FALSE,NA
Anais Remili,McGill University,PhD,https://openalex.org/W4414744947,Climate variations and a local PCB hotspot have altered metabolomic profiles in ringed seals,Climate variations and a local PCB hotspot have altered metabolomic profiles in ringed seals,2025-10-02,2025,article,https://doi.org/10.1016/j.envres.2025.123006,0,FALSE,closed,FALSE,NA
Cheng Chen,University of British Columbia,PhD,https://openalex.org/W4388499228,Combining camera trap surveys and IUCN range maps to improve knowledge of species distributions,Combining camera trap surveys and IUCN range maps to improve knowledge of species distributions,2023-11-08,2023,article,https://doi.org/10.1111/cobi.14221,10,TRUE,hybrid,FALSE,NA
Haley Land-Miller,McGill University,MSc,https://openalex.org/W4387271736,Comparison of feeding niches between Arctic and northward-moving sub-Arctic marine mammals in Greenland,Comparison of feeding niches between Arctic and northward-moving sub-Arctic marine mammals in Greenland,2023-10-02,2023,article,https://doi.org/10.3354/meps14440,9,TRUE,gold,FALSE,NA
Aziz Ullah,University of Alberta,PhD,https://openalex.org/W4393308505,Complementary roles of two classes of defense chemicals in white spruce against spruce budworm,Complementary roles of two classes of defense chemicals in white spruce against spruce budworm,2024-03-29,2024,article,https://doi.org/10.1007/s00425-024-04383-5,3,FALSE,closed,FALSE,NA
Jacob Lerner,University of British Columbia,PhD,https://openalex.org/W4417216141,Compound‐Specific Stable Isotope Analysis Reveals Population‐Specific Differences in Chinook Salmon Trophic Level and Basal Resource Use in the Northeast Pacific,Compound‐Specific Stable Isotope Analysis Reveals Population‐Specific Differences in Chinook Salmon Trophic Level and Basal Resource Use in the Northeast Pacific,2025-12-10,2025,article,https://doi.org/10.1111/fog.70024,0,TRUE,hybrid,FALSE,NA
Rose Lacombe,McGill University,MSc,https://openalex.org/W4387827169,Compound-specific stable nitrogen isotope analysis of amino acids shows that bulk methods provide higher estimates of mercury biomagnification in the Gulf of St. Lawrence,Compound-specific stable nitrogen isotope analysis of amino acids shows that bulk methods provide higher estimates of mercury biomagnification in the Gulf of St. Lawrence,2023-10-20,2023,article,https://doi.org/10.1016/j.envpol.2023.122769,7,FALSE,closed,FALSE,NA
Egor Katkov,McGill University,PhD,https://openalex.org/W4416119491,Connectivity and nutrient enrichment affect the productivity and stability of aquatic meta-ecosystems,Connectivity and nutrient enrichment affect the productivity and stability of aquatic meta-ecosystems,2025-11-01,2025,article,https://doi.org/10.1098/rspb.2025.1197,0,TRUE,hybrid,FALSE,NA
Catalina Claus,McGill University,MSc,https://openalex.org/W4285112666,Conservation Social Scientists in Transnational Institutions,Conservation Social Scientists in Transnational Institutions,2022-05-27,2022,article,https://doi.org/10.4103/cs.cs_23_21,14,TRUE,gold,FALSE,NA
Jade Legros,McGill University,MSc,https://openalex.org/W7134163976,Contrasting spatial and temporal activity patterns of little brown bats ( <i>Myotis lucifugus</i> ) at maternity roosts and swarming sites,Contrasting spatial and temporal activity patterns of little brown bats ( <i>Myotis lucifugus</i> ) at maternity roosts and swarming sites,2026-01-15,2026,article,https://doi.org/10.1093/jmammal/gyag001,0,TRUE,hybrid,FALSE,NA
Tracy Rankin,McGill University,PhD,https://openalex.org/W4285589795,Controls on autotrophic and heterotrophic respiration in an ombrotrophic bog,Controls on autotrophic and heterotrophic respiration in an ombrotrophic bog,2022-07-15,2022,article,https://doi.org/10.5194/bg-19-3285-2022,23,TRUE,gold,FALSE,NA
June Skeeter,University of British Columbia,PhD,https://openalex.org/W4210777286,"Controls on carbon dioxide and methane fluxes from a low-center polygonal peatland in the Mackenzie River Delta, Northwest Territories","Controls on carbon dioxide and methane fluxes from a low-center polygonal peatland in the Mackenzie River Delta, Northwest Territories",2022-02-03,2022,article,https://doi.org/10.1139/as-2021-0034,4,TRUE,gold,FALSE,NA
Joe Sanchez Schacht,McGill University,MSc,https://openalex.org/W4387795900,Correction: agricultural land use and morphometry explain substantial variation in nutrient and ion concentrations in lakes across Canada,Correction: agricultural land use and morphometry explain substantial variation in nutrient and ion concentrations in lakes across Canada,2023-10-19,2023,article,https://doi.org/10.1139/cjfas-2023-0271,5,FALSE,closed,FALSE,NA
Mannfred Boehm,University of British Columbia,PhD,https://openalex.org/W3134060691,Dark extinction: the problem of unknown historical extinctions,Dark extinction: the problem of unknown historical extinctions,2021-03-01,2021,article,https://doi.org/10.1098/rsbl.2021.0007,69,TRUE,bronze,FALSE,NA
Patrick Pata,University of British Columbia,PhD,https://openalex.org/W4393496781,Data-driven determination of zooplankton bioregions and robustness analysis,Data-driven determination of zooplankton bioregions and robustness analysis,2024-04-02,2024,article,https://doi.org/10.1016/j.mex.2024.102676,4,TRUE,gold,FALSE,NA
Cheng Chen,University of British Columbia,PhD,https://openalex.org/W4413625463,Data from thousands of surveillance cameras confirms that protected areas safeguard species diversity,Data from thousands of surveillance cameras confirms that protected areas safeguard species diversity,2022-03-03,2022,article,https://doi.org/10.64628/aam.xpxvayq7q,0,FALSE,closed,FALSE,NA
Frédérique Tremblay,McGill University,MSc,https://openalex.org/W4410475706,Dealing with the heat: Assessing heat stress in an Arctic seabird using 3D-printed thermal models,Dealing with the heat: Assessing heat stress in an Arctic seabird using 3D-printed thermal models,2025-05-18,2025,article,https://doi.org/10.1016/j.cbpa.2025.111880,0,TRUE,hybrid,FALSE,NA
Gracy Buckholtz,University of British Columbia,MSc,https://openalex.org/W4406687758,"Decrypting the Invasion of Non-native Cattails (Typha spp.) in the Fraser River Estuary, British Columbia, Using Morphological and Microsatellite Analyses","Decrypting the Invasion of Non-native Cattails (Typha spp.) in the Fraser River Estuary, British Columbia, Using Morphological and Microsatellite Analyses",2025-01-22,2025,article,https://doi.org/10.1007/s12237-025-01489-1,1,FALSE,closed,FALSE,NA
Mateen Hessami,University of British Columbia,MSc,https://openalex.org/W4406110779,Density‐dependent responses of moose to hunting and landscape change,Density‐dependent responses of moose to hunting and landscape change,2025-01-01,2025,article,https://doi.org/10.1002/2688-8319.70002,3,TRUE,gold,FALSE,NA
Rebecca McCabe,McGill University,PhD,https://openalex.org/W3206078229,Density-dependent winter survival of immatures in an irruptive raptor with pulsed breeding,Density-dependent winter survival of immatures in an irruptive raptor with pulsed breeding,2021-10-17,2021,article,https://doi.org/10.1007/s00442-021-05057-9,9,TRUE,green,FALSE,NA
Adam Kuhrt,Wilfrid Laurier University,MSc,https://openalex.org/W4404316158,Dietary preferences of Ninespine Stickleback in high Arctic tundra streams,Dietary preferences of Ninespine Stickleback in high Arctic tundra streams,2024-11-13,2024,article,https://doi.org/10.1086/734010,0,FALSE,closed,FALSE,NA
Grant Haines,McGill University,PhD,https://openalex.org/W4296579708,Dimensionality and Modularity of Adaptive Variation: Divergence in Threespine Stickleback from Diverse Environments,Dimensionality and Modularity of Adaptive Variation: Divergence in Threespine Stickleback from Diverse Environments,2022-09-12,2022,article,https://doi.org/10.1086/722483,12,FALSE,closed,FALSE,NA
Haley Branch,University of British Columbia,PhD,https://openalex.org/W4220872301,Discussions of the “Not So Fit”: How Ableism Limits Diverse Thought and Investigative Potential in Evolutionary Biology,Discussions of the “Not So Fit”: How Ableism Limits Diverse Thought and Investigative Potential in Evolutionary Biology,2022-03-24,2022,article,https://doi.org/10.1086/720003,18,FALSE,closed,FALSE,NA
Megan Franz,McGill University,MSc,https://openalex.org/W4206134936,Distinct gut microbiomes in two polar bear subpopulations inhabiting different sea ice ecoregions,Distinct gut microbiomes in two polar bear subpopulations inhabiting different sea ice ecoregions,2022-01-11,2022,article,https://doi.org/10.1038/s41598-021-04340-2,10,TRUE,gold,FALSE,NA
Gauthier Monnet,University of British Columbia,PhD,https://openalex.org/W4296025971,Divergence in digestive and metabolic strategies matches habitat differentiation in juvenile salmonids,Divergence in digestive and metabolic strategies matches habitat differentiation in juvenile salmonids,2022-09-01,2022,article,https://doi.org/10.1002/ece3.9280,5,TRUE,gold,FALSE,NA
Ana Pozas Franco,University of British Columbia,MSc,https://openalex.org/W4327604749,Drivers and Potential Consequences of Observed Extreme Hypoxia Along the Canadian Pacific Continental Shelf,Drivers and Potential Consequences of Observed Extreme Hypoxia Along the Canadian Pacific Continental Shelf,2023-03-15,2023,article,https://doi.org/10.1029/2022gl101857,12,TRUE,gold,FALSE,NA
Mark Jewell,McGill University,PhD,https://openalex.org/W4379094357,Eco‐evolutionary contributions to community trait change in floating aquatic plants,Eco‐evolutionary contributions to community trait change in floating aquatic plants,2023-06-02,2023,article,https://doi.org/10.1002/ecy.4117,6,TRUE,bronze,FALSE,NA
Samantha Straus,University of British Columbia,PhD,https://openalex.org/W3214409551,Economies of scale shape energetics of solitary and group‐living spiders and their webs,Economies of scale shape energetics of solitary and group‐living spiders and their webs,2021-11-10,2021,article,https://doi.org/10.1111/1365-2656.13628,4,FALSE,closed,FALSE,NA
Siya Shao,McGill University,PhD,https://openalex.org/W4380884525,"Ectomycorrhizal effects on decomposition are highly dependent on fungal traits, climate, and litter properties: A model-based assessment","Ectomycorrhizal effects on decomposition are highly dependent on fungal traits, climate, and litter properties: A model-based assessment",2023-06-16,2023,article,https://doi.org/10.1016/j.soilbio.2023.109073,23,TRUE,green,FALSE,NA
Noah Kussin-Bordo,University of British Columbia,MSc,https://openalex.org/W4400640979,"Effects of log booms on physical habitat, water quality, and benthic invertebrates in the lower Fraser River and estuary","Effects of log booms on physical habitat, water quality, and benthic invertebrates in the lower Fraser River and estuary",2024-07-15,2024,article,https://doi.org/10.1139/cjfr-2023-0163,1,FALSE,closed,FALSE,NA
Catalina Claus,McGill University,MSc,https://openalex.org/W4415546674,Effects of temperature and chloride salinity on the functional response of goldfish (Carassius auratus),Effects of temperature and chloride salinity on the functional response of goldfish (Carassius auratus),2025-10-25,2025,article,https://doi.org/10.1007/s10530-025-03671-9,1,FALSE,closed,FALSE,NA
Ella Martin,McGill University,MSc,https://openalex.org/W4415790296,Effects of urbanization on local adaptation and eco-evolutionary feedbacks in white clover,Effects of urbanization on local adaptation and eco-evolutionary feedbacks in white clover,2025-11-03,2025,article,https://doi.org/10.1038/s41559-025-02892-4,0,FALSE,closed,FALSE,NA
Kirsten Crandall,McGill University,PhD,https://openalex.org/W4306914059,Emerging Tick-Borne Pathogens in Central Canada: Recent Detections of <i>Babesia odocoilei</i> and <i>Rickettsia rickettsii</i>,Emerging Tick-Borne Pathogens in Central Canada: Recent Detections of <i>Babesia odocoilei</i> and <i>Rickettsia rickettsii</i>,2022-10-20,2022,article,https://doi.org/10.1089/vbz.2022.0036,11,FALSE,closed,FALSE,NA
Cong Xu,McGill University,PhD,https://openalex.org/W4394743819,Enabling lightweight immersive user interaction in smart buildings through learning-based mobile panorama streaming,Enabling lightweight immersive user interaction in smart buildings through learning-based mobile panorama streaming,2024-04-12,2024,article,https://doi.org/10.1016/j.comcom.2024.04.002,2,FALSE,closed,FALSE,NA
Mark Jewell,McGill University,PhD,https://openalex.org/W4380785810,Environmental and genetic variation in an asexual plant,Environmental and genetic variation in an asexual plant,2023-06-15,2023,article,https://doi.org/10.1016/j.aquabot.2023.103675,8,TRUE,hybrid,FALSE,NA
Brock Burgess,University of British Columbia,PhD,https://openalex.org/W7126053263,Environmental <scp>DNA</scp> Reflects Differences in Freshwater Habitat Use Between Two Pacific Salmonids at Fine Temporal Scales,Environmental <scp>DNA</scp> Reflects Differences in Freshwater Habitat Use Between Two Pacific Salmonids at Fine Temporal Scales,2026-01-01,2026,article,https://doi.org/10.1002/edn3.70231,0,TRUE,gold,FALSE,NA
Kaleigh Davis,University of British Columbia,PhD,https://openalex.org/W4401557023,Epibiont communities on mussels in relation to parasitism and location in the rocky intertidal zone,Epibiont communities on mussels in relation to parasitism and location in the rocky intertidal zone,2024-08-13,2024,article,https://doi.org/10.1093/femsec/fiae101,2,TRUE,gold,FALSE,NA
Siya Shao,McGill University,PhD,https://openalex.org/W4307428217,Ericoid mycorrhizal fungi mediate the response of ombrotrophic peatlands to fertilization: a modeling study,Ericoid mycorrhizal fungi mediate the response of ombrotrophic peatlands to fertilization: a modeling study,2022-10-27,2022,article,https://doi.org/10.1111/nph.18555,16,FALSE,closed,FALSE,NA
Benjamin Zdasiuk,University of Toronto,MSc,https://openalex.org/W4296858126,"Evaluating acid-aluminum stress in streams of the Northeastern U.S. at watershed, fish community and physiological scales","Evaluating acid-aluminum stress in streams of the Northeastern U.S. at watershed, fish community and physiological scales",2022-09-23,2022,article,https://doi.org/10.1016/j.ecolind.2022.109480,6,TRUE,gold,FALSE,NA
Debra Wertman,University of British Columbia,PhD,https://openalex.org/W4409502234,Evaluating the establishment potential of cabbage stem flea beetle (Coleoptera: Chrysomelidae) and pollen beetle (Coleoptera: Nitidulidae) in canola-growing regions of North America using ensemble species distribution models,Evaluating the establishment potential of cabbage stem flea beetle (Coleoptera: Chrysomelidae) and pollen beetle (Coleoptera: Nitidulidae) in canola-growing regions of North America using ensemble species distribution models,2025-04-16,2025,article,https://doi.org/10.1093/jee/toaf071,0,TRUE,hybrid,FALSE,NA
Kristen Sora,University of British Columbia,PhD,https://openalex.org/W4281668759,Evaluation of the Beaufort Sea shelf structure and function in support of the Tarium Niryutait Marine Protected Area,Evaluation of the Beaufort Sea shelf structure and function in support of the Tarium Niryutait Marine Protected Area,2022-06-01,2022,article,https://doi.org/10.1139/as-2020-0040,9,TRUE,gold,FALSE,NA
Grant Haines,McGill University,PhD,https://openalex.org/W4415354622,Evolution of Threespine Stickleback ( <i>Gasterosteus aculeatus</i> ) Defensive Traits following the Stocking of Brook Trout ( <i>Salvelinus fontinalis</i> ),Evolution of Threespine Stickleback ( <i>Gasterosteus aculeatus</i> ) Defensive Traits following the Stocking of Brook Trout ( <i>Salvelinus fontinalis</i> ),2025-10-20,2025,article,https://doi.org/10.1086/739174,1,FALSE,closed,FALSE,NA
Ilan Rubin,University of British Columbia,PhD,https://openalex.org/W3186564709,Evolution to alternative levels of stable diversity leaves areas of niche space unexplored,Evolution to alternative levels of stable diversity leaves areas of niche space unexplored,2021-07-28,2021,article,https://doi.org/10.1371/journal.pcbi.1008650,9,TRUE,gold,FALSE,NA
Derek Somo,University of British Columbia,PhD,https://openalex.org/W7137857610,Evolved increases in running performance in cold hypoxia in high-altitude deer mice,Evolved increases in running performance in cold hypoxia in high-altitude deer mice,2026-03-17,2026,article,https://doi.org/10.1242/jeb.252284,0,TRUE,hybrid,FALSE,NA
Jacob Lerner,University of British Columbia,PhD,https://openalex.org/W3144995884,"Experimentally derived trophic enrichment and discrimination factors for Chinook salmon, <scp> <i>Oncorhynchus tshawytscha</i> </scp>","Experimentally derived trophic enrichment and discrimination factors for Chinook salmon, <scp> <i>Oncorhynchus tshawytscha</i> </scp>",2021-03-31,2021,article,https://doi.org/10.1002/rcm.9092,6,FALSE,closed,FALSE,NA
Emma Gillies,University of British Columbia,MSc,https://openalex.org/W4399325038,Exploring Drivers of Historic Mercury Trends in Beluga Whales Using an Ecosystem Modeling Approach,Exploring Drivers of Historic Mercury Trends in Beluga Whales Using an Ecosystem Modeling Approach,2024-06-04,2024,article,https://doi.org/10.1021/acsenvironau.3c00072,0,TRUE,gold,FALSE,NA
Cong Xu,McGill University,PhD,https://openalex.org/W4414360362,Exploring Multimodal Foundation AI and Expert-in-the-Loop for Sustainable Management of Wild Salmon Fisheries in Indigenous Rivers,Exploring Multimodal Foundation AI and Expert-in-the-Loop for Sustainable Management of Wild Salmon Fisheries in Indigenous Rivers,2025-09-01,2025,article,https://doi.org/10.24963/ijcai.2025/1106,1,FALSE,closed,FALSE,NA
Rose Lacombe,McGill University,MSc,https://openalex.org/W4393410135,Exploring the spatial variation of mercury in the Gulf of St. Lawrence using northern gannets as fish samplers,Exploring the spatial variation of mercury in the Gulf of St. Lawrence using northern gannets as fish samplers,2024-04-02,2024,article,https://doi.org/10.1016/j.scitotenv.2024.172152,4,TRUE,hybrid,FALSE,NA
Hugo Marchand,McGill University,PhD,https://openalex.org/W4281666046,Exposure to Contaminated River Water is Associated with Early Hatching and Dysregulation of Gene Expression in Early Life Stages of the Endangered Copper Redhorse (<i>Moxostoma hubbsi</i>),Exposure to Contaminated River Water is Associated with Early Hatching and Dysregulation of Gene Expression in Early Life Stages of the Endangered Copper Redhorse (<i>Moxostoma hubbsi</i>),2022-05-27,2022,article,https://doi.org/10.1002/etc.5391,7,TRUE,bronze,FALSE,NA
Rebecca McCabe,McGill University,PhD,https://openalex.org/W4223484716,Factors associated with returns of snowy owls to airports following translocation,Factors associated with returns of snowy owls to airports following translocation,2022-04-11,2022,article,https://doi.org/10.1002/jwmg.22230,6,FALSE,closed,FALSE,NA
Megan Franz,McGill University,MSc,https://openalex.org/W4312526314,Fecal DNA metabarcoding shows credible short-term prey detections and explains variation in the gut microbiome of two polar bear subpopulations,Fecal DNA metabarcoding shows credible short-term prey detections and explains variation in the gut microbiome of two polar bear subpopulations,2022-12-19,2022,article,https://doi.org/10.3354/meps14228,7,FALSE,closed,FALSE,NA
Nadia Facciola,McGill University,MSc,https://openalex.org/W4294733327,Feeding and contaminant patterns of sub-arctic and arctic ringed seals: Potential insight into climate change-contaminant interactions,Feeding and contaminant patterns of sub-arctic and arctic ringed seals: Potential insight into climate change-contaminant interactions,2022-09-06,2022,article,https://doi.org/10.1016/j.envpol.2022.120108,14,FALSE,closed,FALSE,NA
Chloe Wright,University of British Columbia,PhD,https://openalex.org/W3190055366,"Female White‐tailed deer ( <i>Odocoileus virginianus</i> ) Behavior During Pregnancy, Parturition, and Lactation in 2 Contrasting Ecoregions","Female White‐tailed deer ( <i>Odocoileus virginianus</i> ) Behavior During Pregnancy, Parturition, and Lactation in 2 Contrasting Ecoregions",2021-08-06,2021,article,https://doi.org/10.1002/wsb.1207,12,FALSE,closed,FALSE,NA
Mingrui Liu,University of British Columbia,MSc,https://openalex.org/W7134071568,Fire behaviour model assessment,Fire behaviour model assessment,2026-01-01,2026,article,https://doi.org/10.17605/osf.io/zbpgr,0,TRUE,green,FALSE,NA
Mannfred Boehm,University of British Columbia,PhD,https://openalex.org/W4281838650,Floral phenology of an Andean bellflower and pollination by buff‐tailed sicklebill hummingbird,Floral phenology of an Andean bellflower and pollination by buff‐tailed sicklebill hummingbird,2022-06-01,2022,article,https://doi.org/10.1002/ece3.8988,8,TRUE,gold,FALSE,NA
Fiona Beaty,University of British Columbia,PhD,https://openalex.org/W4402347665,From design to implementation: Lessons from planning the first marine protected area network in Canada,From design to implementation: Lessons from planning the first marine protected area network in Canada,2024-09-09,2024,article,https://doi.org/10.1016/j.marpol.2024.106360,10,TRUE,hybrid,FALSE,NA
Patrick Pata,University of British Columbia,PhD,https://openalex.org/W4413449454,Functional characteristics of zooplankton bioregions along the cross-shelf gradient,Functional characteristics of zooplankton bioregions along the cross-shelf gradient,2025-08-23,2025,article,https://doi.org/10.1016/j.pocean.2025.103559,0,TRUE,hybrid,FALSE,NA
Caroline Ofosu,University of Regina,MSc,https://openalex.org/W4417408600,Game over for gamefishes after zebra and quagga mussel invasion: not in prairie lakes?,Game over for gamefishes after zebra and quagga mussel invasion: not in prairie lakes?,2025-12-16,2025,article,https://doi.org/10.1139/cjfas-2025-0028,0,TRUE,green,FALSE,NA
Madison Earhart,University of British Columbia,PhD,https://openalex.org/W4220917927,Gene expression and latitudinal variation in the stress response in Fundulus heteroclitus,Gene expression and latitudinal variation in the stress response in Fundulus heteroclitus,2022-03-15,2022,article,https://doi.org/10.1016/j.cbpa.2022.111188,6,TRUE,green,FALSE,NA
Danielle Schmidt,University of British Columbia,PhD,https://openalex.org/W3199990092,Genome-wide analysis reveals associations between climate and regional patterns of adaptive divergence and dispersal in American pikas,Genome-wide analysis reveals associations between climate and regional patterns of adaptive divergence and dispersal in American pikas,2021-09-18,2021,article,https://doi.org/10.1038/s41437-021-00472-3,12,TRUE,bronze,FALSE,NA
Anna Cho,University of British Columbia,PhD,https://openalex.org/W4393373630,Genomic analyses of Symbiomonas scintillans show no evidence for endosymbiotic bacteria but does reveal the presence of giant viruses,Genomic analyses of Symbiomonas scintillans show no evidence for endosymbiotic bacteria but does reveal the presence of giant viruses,2024-04-01,2024,article,https://doi.org/10.1371/journal.pgen.1011218,1,TRUE,gold,FALSE,NA
Kenneth Askelson,University of British Columbia,PhD,https://openalex.org/W4388232027,Genomic divergence and introgression between cryptic species of a widespread North American songbird,Genomic divergence and introgression between cryptic species of a widespread North American songbird,2023-11-02,2023,article,https://doi.org/10.1111/mec.17169,6,FALSE,closed,FALSE,NA
Danielle Schmidt,University of British Columbia,PhD,https://openalex.org/W4407744809,Genomic Vulnerability of a Sentinel Mammal Under Climate Change,Genomic Vulnerability of a Sentinel Mammal Under Climate Change,2025-02-19,2025,article,https://doi.org/10.1111/mec.17688,4,TRUE,hybrid,FALSE,NA
Caryn Cooper,University of British Columbia,MSc,https://openalex.org/W4313422484,Geographic and seasonal variation in δ13C values of C3 plant arabidopsis: Archaeological implications,Geographic and seasonal variation in δ13C values of C3 plant arabidopsis: Archaeological implications,2022-12-19,2022,article,https://doi.org/10.1016/j.jas.2022.105709,5,FALSE,closed,FALSE,NA
Mark Jewell,McGill University,PhD,https://openalex.org/W4320013952,Geographical Distribution of Floating Aquatic Plants in Relation to Environmental Conditions,Geographical Distribution of Floating Aquatic Plants in Relation to Environmental Conditions,2023-01-01,2023,article,https://doi.org/10.2139/ssrn.4330793,0,TRUE,green,FALSE,NA
Mark Jewell,McGill University,PhD,https://openalex.org/W4365452733,"Geographical distribution of floating aquatic plants in relation to environmental conditions in southern Quebec, Canada","Geographical distribution of floating aquatic plants in relation to environmental conditions in southern Quebec, Canada",2023-04-13,2023,article,https://doi.org/10.1016/j.aquabot.2023.103657,7,FALSE,closed,FALSE,NA
Derek Somo,University of British Columbia,PhD,https://openalex.org/W4372308945,"Gill surface area allometry does not constrain the body mass scaling of maximum oxygen uptake rate in the tidepool sculpin, Oligocottus maculosus","Gill surface area allometry does not constrain the body mass scaling of maximum oxygen uptake rate in the tidepool sculpin, Oligocottus maculosus",2023-05-07,2023,article,https://doi.org/10.1007/s00360-023-01490-9,10,FALSE,closed,FALSE,NA
Cheng Chen,University of British Columbia,PhD,https://openalex.org/W4210622999,Global camera trap synthesis highlights the importance of protected areas in maintaining mammal diversity,Global camera trap synthesis highlights the importance of protected areas in maintaining mammal diversity,2022-01-26,2022,article,https://doi.org/10.1111/conl.12865,75,TRUE,gold,FALSE,NA
Katherine Tjaden-McClement,University of British Columbia,MSc,https://openalex.org/W4406019395,Global prioritization schemes vary in their impact on the placement of protected areas,Global prioritization schemes vary in their impact on the placement of protected areas,2025-01-02,2025,article,https://doi.org/10.1371/journal.pone.0307730,3,TRUE,gold,FALSE,NA
Ella Martin,McGill University,MSc,https://openalex.org/W4323835574,Gradients in the time seeds take to germinate could alter global patterns in predation strength,Gradients in the time seeds take to germinate could alter global patterns in predation strength,2023-03-10,2023,article,https://doi.org/10.1111/jbi.14582,7,TRUE,hybrid,FALSE,NA
Alexandra Mayette,University of Manitoba,MSc,https://openalex.org/W4220771104,Group characteristics and spatial organization of the Eastern Beaufort Sea beluga whale (<i>Delphinapterus leucas</i>) population using aerial photographs,Group characteristics and spatial organization of the Eastern Beaufort Sea beluga whale (<i>Delphinapterus leucas</i>) population using aerial photographs,2022-03-10,2022,article,https://doi.org/10.1139/cjz-2021-0232,12,TRUE,hybrid,FALSE,NA
Gauthier Monnet,University of British Columbia,PhD,https://openalex.org/W4297183896,Growth variation along a dispersal gradient in juvenile rainbow trout,Growth variation along a dispersal gradient in juvenile rainbow trout,2022-09-23,2022,article,https://doi.org/10.1111/eff.12682,3,FALSE,closed,FALSE,NA
Gauthier Monnet,University of British Columbia,PhD,https://openalex.org/W4224225441,"Growth variation in the endangered fish <scp><i>Zingel asper</i></scp>: Contribution of substrate quality, hydraulics, prey abundance, and water temperature","Growth variation in the endangered fish <scp><i>Zingel asper</i></scp>: Contribution of substrate quality, hydraulics, prey abundance, and water temperature",2022-04-19,2022,article,https://doi.org/10.1002/aqc.3818,6,TRUE,hybrid,FALSE,NA
Patrick Pata,University of British Columbia,PhD,https://openalex.org/W4390108162,Harmonizing marine zooplankton trait data toward a mechanistic understanding of ecosystem functioning,Harmonizing marine zooplankton trait data toward a mechanistic understanding of ecosystem functioning,2023-12-22,2023,article,https://doi.org/10.1002/lno.12478,9,TRUE,hybrid,FALSE,NA
Jihyun Kim,University of British Columbia,MSc,https://openalex.org/W4391898420,Heatwave‐mediated decreases in phytoplankton quality negatively affect zooplankton productivity,Heatwave‐mediated decreases in phytoplankton quality negatively affect zooplankton productivity,2024-02-16,2024,article,https://doi.org/10.1111/1365-2435.14530,10,TRUE,hybrid,FALSE,NA
Madison Earhart,University of British Columbia,PhD,https://openalex.org/W4386826900,Heatwave resilience of juvenile white sturgeon is associated with epigenetic and transcriptional alterations,Heatwave resilience of juvenile white sturgeon is associated with epigenetic and transcriptional alterations,2023-09-18,2023,article,https://doi.org/10.1038/s41598-023-42652-7,22,TRUE,gold,FALSE,NA
Kirsten Crandall,McGill University,PhD,https://openalex.org/W4391999586,High‐resolution environmental and host‐related factors impacting questing <i>Ixodes scapularis</i> at their northern range edge,High‐resolution environmental and host‐related factors impacting questing <i>Ixodes scapularis</i> at their northern range edge,2024-02-01,2024,article,https://doi.org/10.1002/ece3.10855,5,TRUE,gold,FALSE,NA
Alicia Korpach,University of Manitoba,PhD,https://openalex.org/W4409761937,High variation in Eastern Whip-poor-will home-range size and shape limits the effectiveness of one-size-fits-all habitat protection methods,High variation in Eastern Whip-poor-will home-range size and shape limits the effectiveness of one-size-fits-all habitat protection methods,2025-01-01,2025,article,https://doi.org/10.5751/ace-02804-200114,1,TRUE,gold,FALSE,NA
Kristen Sora,University of British Columbia,PhD,https://openalex.org/W4396895975,Historical climate drivers and species’ ecological niche in the Beaufort Sea food web,Historical climate drivers and species’ ecological niche in the Beaufort Sea food web,2024-05-14,2024,article,https://doi.org/10.1093/icesjms/fsae062,5,TRUE,gold,FALSE,NA
Marjolein Toorians,University of British Columbia,PhD,https://openalex.org/W4402542583,Host community structure can shape pathogen outbreak dynamics through a phylogenetic dilution effect,Host community structure can shape pathogen outbreak dynamics through a phylogenetic dilution effect,2024-09-14,2024,article,https://doi.org/10.1111/1365-2435.14641,2,TRUE,hybrid,FALSE,NA
Michael Procko,University of British Columbia,MSc,https://openalex.org/W4378195432,Human presence and infrastructure impact wildlife nocturnality differently across an assemblage of mammalian species,Human presence and infrastructure impact wildlife nocturnality differently across an assemblage of mammalian species,2023-05-25,2023,article,https://doi.org/10.1371/journal.pone.0286131,26,TRUE,gold,FALSE,NA
Mélanie-Louise Leblanc,McGill University,PhD,https://openalex.org/W4379055518,Hunting and seagrass affect fall stopover Canada goose distribution in eastern Canada,Hunting and seagrass affect fall stopover Canada goose distribution in eastern Canada,2023-05-31,2023,article,https://doi.org/10.1002/jwmg.22428,3,TRUE,hybrid,FALSE,NA
Madison Earhart,University of British Columbia,PhD,https://openalex.org/W4307563908,Hypoxia and High Temperature as Interacting Stressors: Will Plasticity Promote Resilience of Fishes in a Changing World?,Hypoxia and High Temperature as Interacting Stressors: Will Plasticity Promote Resilience of Fishes in a Changing World?,2022-10-01,2022,article,https://doi.org/10.1086/722115,76,FALSE,closed,FALSE,NA
Madison Earhart,University of British Columbia,PhD,https://openalex.org/W4377861351,Identification of upper thermal thresholds during development in the endangered Nechako white sturgeon with management implications for a regulated river,Identification of upper thermal thresholds during development in the endangered Nechako white sturgeon with management implications for a regulated river,2023-01-01,2023,article,https://doi.org/10.1093/conphys/coad032,20,TRUE,gold,FALSE,NA
Jenna Schlener,McGill University,MSc,https://openalex.org/W4391517417,"If it ain't broke, don't fix it: variable foraging behaviour is associated with low kittiwake reproductive success","If it ain't broke, don't fix it: variable foraging behaviour is associated with low kittiwake reproductive success",2024-02-02,2024,article,https://doi.org/10.1016/j.anbehav.2023.12.015,5,FALSE,closed,FALSE,NA
Ana Pozas Franco,University of British Columbia,MSc,https://openalex.org/W4296831603,Impact of warming and deoxygenation on the habitat distribution of Pacific halibut in the Northeast Pacific,Impact of warming and deoxygenation on the habitat distribution of Pacific halibut in the Northeast Pacific,2022-09-23,2022,article,https://doi.org/10.1111/fog.12610,29,TRUE,bronze,FALSE,NA
Anabel Dombro,University of Alberta,MSc,https://openalex.org/W4402096717,Indaziflam Provides Long-Term Reduction of Annual Brome Grass (Bromus spp.) in Canada's Mixedgrass Prairie,Indaziflam Provides Long-Term Reduction of Annual Brome Grass (Bromus spp.) in Canada's Mixedgrass Prairie,2024-08-31,2024,article,https://doi.org/10.1016/j.rama.2024.07.011,4,FALSE,closed,FALSE,NA
Anais Remili,McGill University,PhD,https://openalex.org/W3137757793,Individual Prey Specialization Drives PCBs in Icelandic Killer Whales,Individual Prey Specialization Drives PCBs in Icelandic Killer Whales,2021-03-24,2021,article,https://doi.org/10.1021/acs.est.0c08563,33,FALSE,closed,FALSE,NA
Mingrui Liu,University of British Columbia,MSc,https://openalex.org/W4404370728,Influence of irregular shelterwood treatments on intensity and severity after a large wildfire in lodgepole pine stands: A case study from the interior British Columbia,Influence of irregular shelterwood treatments on intensity and severity after a large wildfire in lodgepole pine stands: A case study from the interior British Columbia,2024-11-14,2024,article,https://doi.org/10.1371/journal.pone.0311940,2,TRUE,gold,FALSE,NA
Patrick Pata,University of British Columbia,PhD,https://openalex.org/W3159085686,Insights into the environmental conditions contributing to variability in the larval recruitment of the tropical sardine Sardinella lemuru,Insights into the environmental conditions contributing to variability in the larval recruitment of the tropical sardine Sardinella lemuru,2021-05-03,2021,article,https://doi.org/10.1016/j.ecolmodel.2021.109570,10,FALSE,closed,FALSE,NA
Siya Shao,McGill University,PhD,https://openalex.org/W3209897850,Integrating McGill Wetland Model (MWM) with peat cohort tracking and microbial controls,Integrating McGill Wetland Model (MWM) with peat cohort tracking and microbial controls,2021-10-28,2021,article,https://doi.org/10.1016/j.scitotenv.2021.151223,13,FALSE,closed,FALSE,NA
Johannes Exler,University of British Columbia,PhD,https://openalex.org/W4408853494,Interannual climatic sensitivity of surface energy flux densities and evapotranspiration in a disturbed and rewetted ombrotrophic bog,Interannual climatic sensitivity of surface energy flux densities and evapotranspiration in a disturbed and rewetted ombrotrophic bog,2025-03-26,2025,article,https://doi.org/10.1016/j.agrformet.2025.110501,0,TRUE,hybrid,FALSE,NA
Chelsea Gowton,University of British Columbia,PhD,https://openalex.org/W3208108869,Intercropping With Peppermint Increases Ground Dwelling Insect and Pollinator Abundance and Decreases Drosophila suzukii in Fruit,Intercropping With Peppermint Increases Ground Dwelling Insect and Pollinator Abundance and Decreases Drosophila suzukii in Fruit,2021-10-21,2021,article,https://doi.org/10.3389/fsufs.2021.700842,12,TRUE,gold,FALSE,NA
Dominic Janus,University of British Columbia,MSc,https://openalex.org/W4200167584,Interspecific parental care by a European Starling (Sturnus vulgaris) at the nest of a Hairy Woodpecker (Dryobates villosus),Interspecific parental care by a European Starling (Sturnus vulgaris) at the nest of a Hairy Woodpecker (Dryobates villosus),2021-12-29,2021,article,https://doi.org/10.1676/21-00023,1,FALSE,closed,FALSE,NA
Grant Haines,McGill University,PhD,https://openalex.org/W4308275622,Intraspecific diversity of threespine stickleback (Gasterosteus aculeatus) populations in eastern Canada,Intraspecific diversity of threespine stickleback (Gasterosteus aculeatus) populations in eastern Canada,2022-11-04,2022,article,https://doi.org/10.1007/s10641-022-01362-1,7,FALSE,closed,FALSE,NA
Samantha Straus,University of British Columbia,PhD,https://openalex.org/W4302424781,Kleptoparasites of social spider colonies do not track hosts' subdivided population structure,Kleptoparasites of social spider colonies do not track hosts' subdivided population structure,2022-10-06,2022,article,https://doi.org/10.1111/mec.16718,5,FALSE,closed,FALSE,NA
Rebecca McCabe,McGill University,PhD,https://openalex.org/W3159414664,"Landscape cover type, not social dominance, is associated with the winter movement patterns of Snowy Owls in temperate areas","Landscape cover type, not social dominance, is associated with the winter movement patterns of Snowy Owls in temperate areas",2021-03-05,2021,article,https://doi.org/10.1093/ornithology/ukaa082,7,TRUE,bronze,FALSE,NA
Mathilde Jutras,McGill University,PhD,https://openalex.org/W4372194034,Large-scale control of the retroflection of the Labrador Current,Large-scale control of the retroflection of the Labrador Current,2023-05-05,2023,article,https://doi.org/10.1038/s41467-023-38321-y,32,TRUE,gold,FALSE,NA
Allen Larocque,University of British Columbia,PhD,https://openalex.org/W4389938095,"Legacy of salmon-derived nutrients on riparian soil chemistry and soil fertility on the Central Coast of British Columbia, Canada","Legacy of salmon-derived nutrients on riparian soil chemistry and soil fertility on the Central Coast of British Columbia, Canada",2023-12-19,2023,article,https://doi.org/10.3389/ffgc.2023.1010294,1,TRUE,gold,FALSE,NA
Anais Remili,McGill University,PhD,https://openalex.org/W4403165729,Legacy persistent organic pollutants among multiple cetacean species in the Northwest Atlantic,Legacy persistent organic pollutants among multiple cetacean species in the Northwest Atlantic,2024-10-06,2024,article,https://doi.org/10.1016/j.scitotenv.2024.176746,4,TRUE,hybrid,FALSE,NA
Cong Xu,McGill University,PhD,https://openalex.org/W4410609376,Lightweight Immersive Interaction with Learning-Based Mobile Panorama Streaming for Smart Buildings,Lightweight Immersive Interaction with Learning-Based Mobile Panorama Streaming for Smart Buildings,2023-11-04,2023,article,https://doi.org/10.1109/insai60116.2023.00068,1,FALSE,closed,FALSE,NA
Mélanie-Louise Leblanc,McGill University,PhD,https://openalex.org/W4307037629,Limited recovery following a massive seagrass decline in subarctic eastern Canada,Limited recovery following a massive seagrass decline in subarctic eastern Canada,2022-10-22,2022,article,https://doi.org/10.1111/gcb.16499,32,FALSE,closed,FALSE,NA
Katie Grabowski,McGill University,MSc,https://openalex.org/W4391886751,"Limited spatiotemporal niche partitioning among mesocarnivores in Gorongosa National Park, Mozambique","Limited spatiotemporal niche partitioning among mesocarnivores in Gorongosa National Park, Mozambique",2024-02-01,2024,article,https://doi.org/10.1002/ece3.10965,6,TRUE,gold,FALSE,NA
Rose Lacombe,McGill University,MSc,https://openalex.org/W4389787406,Long-term storage at -20°C compromises fatty acid composition of polar bear adipose biopsies,Long-term storage at -20°C compromises fatty acid composition of polar bear adipose biopsies,2023-12-15,2023,article,https://doi.org/10.3354/meps14501,5,FALSE,closed,FALSE,NA
Alicia Korpach,University of Manitoba,PhD,https://openalex.org/W4390954858,"Lunar synchrony, geography, and individual clocks shape autumn migration timing in an avian migrant","Lunar synchrony, geography, and individual clocks shape autumn migration timing in an avian migrant",2024-01-17,2024,article,https://doi.org/10.1093/beheco/arae001,4,TRUE,hybrid,FALSE,NA
Mathilde Jutras,McGill University,PhD,https://openalex.org/W4400615252,Machine Learning‐Based Clustering of Oceanic Lagrangian Particles: Identification of the Main Pathways of the Labrador Current,Machine Learning‐Based Clustering of Oceanic Lagrangian Particles: Identification of the Main Pathways of the Labrador Current,2024-07-01,2024,article,https://doi.org/10.1029/2023ms003902,3,TRUE,gold,FALSE,NA
Samantha Straus,University of British Columbia,PhD,https://openalex.org/W4389203951,Macroecological constraints on species' ‘movement profiles’: Body mass does not explain it all,Macroecological constraints on species' ‘movement profiles’: Body mass does not explain it all,2023-11-29,2023,article,https://doi.org/10.1111/geb.13786,9,TRUE,hybrid,FALSE,NA
Nadia Facciola,McGill University,MSc,https://openalex.org/W3192391463,Measurable Levels of Short-Chain Chlorinated Paraffins in Western Hudson Bay Fishes but Limited Biomagnification from Fish to Ringed Seals,Measurable Levels of Short-Chain Chlorinated Paraffins in Western Hudson Bay Fishes but Limited Biomagnification from Fish to Ringed Seals,2021-08-05,2021,article,https://doi.org/10.1002/etc.5188,6,FALSE,closed,FALSE,NA
Imogen Hobbs,McGill University,MSc,https://openalex.org/W4408366597,Measuring the Degree of ‘Fit’ Within Social‐Ecological Systems to Support Local Flood Risk Decision‐Making,Measuring the Degree of ‘Fit’ Within Social‐Ecological Systems to Support Local Flood Risk Decision‐Making,2025-03-01,2025,article,https://doi.org/10.1111/jfr3.70006,0,TRUE,gold,FALSE,NA
Debra Wertman,University of British Columbia,PhD,https://openalex.org/W4285299985,Microhabitat selection by overwintering alder bark beetles (Coleoptera: Curculionidae: Scolytinae) on red alder (Betulaceae),Microhabitat selection by overwintering alder bark beetles (Coleoptera: Curculionidae: Scolytinae) on red alder (Betulaceae),2022-01-01,2022,article,https://doi.org/10.4039/tce.2022.17,1,TRUE,hybrid,FALSE,NA
Alicia Korpach,University of Manitoba,PhD,https://openalex.org/W4290613727,"Migratory connectivity and timing for an at-risk Canadian landbird, Eastern Whip-poor-will (<i>Antrostomus vociferus</i>), from two geographically distant breeding areas","Migratory connectivity and timing for an at-risk Canadian landbird, Eastern Whip-poor-will (<i>Antrostomus vociferus</i>), from two geographically distant breeding areas",2022-08-08,2022,article,https://doi.org/10.1139/cjz-2021-0175,7,TRUE,bronze,FALSE,NA
Mathilde Jutras,McGill University,PhD,https://openalex.org/W4409329775,Mixing Accounts for More Than Half of Biogeochemical Changes Along Mode Water Ventilation Pathways,Mixing Accounts for More Than Half of Biogeochemical Changes Along Mode Water Ventilation Pathways,2025-04-10,2025,article,https://doi.org/10.1029/2024gl113789,2,TRUE,gold,FALSE,NA
Cameron Cosgrove,University of British Columbia,MSc,https://openalex.org/W4392206871,"Modeling Marbled Murrelet nesting habitat: a quantitative approach using airborne laser scanning data in British Columbia, Canada","Modeling Marbled Murrelet nesting habitat: a quantitative approach using airborne laser scanning data in British Columbia, Canada",2024-01-01,2024,article,https://doi.org/10.5751/ace-02585-190105,2,TRUE,gold,FALSE,NA
Siya Shao,McGill University,PhD,https://openalex.org/W4415313587,Modeling Mycorrhizal Carbon Costs in Temperate Forests: The Impacts of Functional Diversity and Global Change Factors,Modeling Mycorrhizal Carbon Costs in Temperate Forests: The Impacts of Functional Diversity and Global Change Factors,2025-10-01,2025,article,https://doi.org/10.1029/2025jg009198,0,FALSE,closed,FALSE,NA
June Skeeter,University of British Columbia,PhD,https://openalex.org/W4377087162,Modelling growing season carbon fluxes at a low-center polygon ecosystem in the Mackenzie River Delta,Modelling growing season carbon fluxes at a low-center polygon ecosystem in the Mackenzie River Delta,2023-05-19,2023,article,https://doi.org/10.1139/as-2022-0033,0,TRUE,gold,FALSE,NA
Anna Cho,University of British Columbia,PhD,https://openalex.org/W4220758123,Monophyly of diverse Bigyromonadea and their impact on phylogenomic relationships within stramenopiles,Monophyly of diverse Bigyromonadea and their impact on phylogenomic relationships within stramenopiles,2022-03-28,2022,article,https://doi.org/10.1016/j.ympev.2022.107468,17,TRUE,green,FALSE,NA
Vanessa Poirier,McGill University,MSc,https://openalex.org/W4387769716,Moult migrant Tennessee Warblers undergo extensive stopover in peri-urban forests of southern Quebec,Moult migrant Tennessee Warblers undergo extensive stopover in peri-urban forests of southern Quebec,2023-10-19,2023,article,https://doi.org/10.1139/cjz-2023-0109,4,TRUE,hybrid,FALSE,NA
Benjamin Zdasiuk,University of Toronto,MSc,https://openalex.org/W4389672492,Movement of an imperiled esocid fish in an agricultural drain,Movement of an imperiled esocid fish in an agricultural drain,2023-12-13,2023,article,https://doi.org/10.1186/s40462-023-00420-2,5,TRUE,gold,FALSE,NA
Alicia Korpach,University of Manitoba,PhD,https://openalex.org/W4400876074,Moving to mate? Migration strategy does not predict genetic structure or diversity in bats (Chiroptera),Moving to mate? Migration strategy does not predict genetic structure or diversity in bats (Chiroptera),2024-07-22,2024,article,https://doi.org/10.1093/biolinnean/blae068,0,TRUE,hybrid,FALSE,NA
Victoria Tawa,McGill University,MSc,https://openalex.org/W4399360939,Natural disturbance allows multiple anuran taxa to persist in a dynamic wetland complex,Natural disturbance allows multiple anuran taxa to persist in a dynamic wetland complex,2024-06-05,2024,article,https://doi.org/10.1002/jwmg.22617,2,TRUE,hybrid,FALSE,NA
Debra Wertman,University of British Columbia,PhD,https://openalex.org/W4391854161,"Neonectria bordenii sp. nov., a potential symbiote of the alder bark beetle, and its detection by quantitative PCR","Neonectria bordenii sp. nov., a potential symbiote of the alder bark beetle, and its detection by quantitative PCR",2024-02-15,2024,article,https://doi.org/10.3114/fuse.2024.13.02,2,TRUE,hybrid,FALSE,NA
Mary Platsko,University of British Columbia,MSc,https://openalex.org/W4414034271,Niche overlap between the introduced species Bombus impatiens (Apidae) and native bumblebees in Southwestern British Columbia,Niche overlap between the introduced species Bombus impatiens (Apidae) and native bumblebees in Southwestern British Columbia,2025-09-01,2025,article,https://doi.org/10.1007/s10530-025-03661-x,0,FALSE,closed,FALSE,NA
Anabel Dombro,University of Alberta,MSc,https://openalex.org/W4408531646,Nontarget Plant Community and Biomass Responses in Northern Mixed Grassland Treated With Indaziflam for Invasive Annual Brome Control,Nontarget Plant Community and Biomass Responses in Northern Mixed Grassland Treated With Indaziflam for Invasive Annual Brome Control,2025-01-01,2025,article,https://doi.org/10.1111/avsc.70019,0,TRUE,hybrid,FALSE,NA
Fiona Beaty,University of British Columbia,PhD,https://openalex.org/W4387296626,Not just range limits: Warming rate and thermal sensitivity shape climate change vulnerability in a species range center,Not just range limits: Warming rate and thermal sensitivity shape climate change vulnerability in a species range center,2023-10-03,2023,article,https://doi.org/10.1002/ecy.4183,11,TRUE,hybrid,FALSE,NA
Christophe Benjamin,McGill University,MSc,https://openalex.org/W4410918184,Optimal methods for sampling Tench (Tinca tinca) in its introduced range,Optimal methods for sampling Tench (Tinca tinca) in its introduced range,2025-01-01,2025,article,https://doi.org/10.3391/mbi.2025.16.2.11,0,TRUE,gold,FALSE,NA
Mark Jewell,McGill University,PhD,https://openalex.org/W4320717832,Overwintering and re-emergence in Lemna minor,Overwintering and re-emergence in Lemna minor,2023-02-14,2023,article,https://doi.org/10.1016/j.aquabot.2023.103633,6,FALSE,closed,FALSE,NA
Tracy Rankin,McGill University,PhD,https://openalex.org/W4388410241,Partitioning autotrophic and heterotrophic respiration in an ombrotrophic bog,Partitioning autotrophic and heterotrophic respiration in an ombrotrophic bog,2023-11-06,2023,article,https://doi.org/10.3389/feart.2023.1263418,9,TRUE,gold,FALSE,NA
Fanny Couture,University of British Columbia,PhD,https://openalex.org/W4415223240,Partitioning the influence of Chinook salmon productivity and stock-specific abundance on the southern resident killer whale population,Partitioning the influence of Chinook salmon productivity and stock-specific abundance on the southern resident killer whale population,2025-10-15,2025,article,https://doi.org/10.1016/j.gecco.2025.e03909,0,TRUE,gold,FALSE,NA
Brock Burgess,University of British Columbia,PhD,https://openalex.org/W4385782684,Past population control biases interpretations of contemporary genetic data: implications for future invasive Sitka black-tailed deer management in Haida Gwaii,Past population control biases interpretations of contemporary genetic data: implications for future invasive Sitka black-tailed deer management in Haida Gwaii,2023-08-12,2023,article,https://doi.org/10.1007/s10530-023-03145-w,2,FALSE,closed,FALSE,NA
Kirsten Crandall,McGill University,PhD,https://openalex.org/W4390745033,"Pathogen presence, prevalence, and diversity in Ixodes scapularis and mammal hosts at their expanding northern range limits","Pathogen presence, prevalence, and diversity in Ixodes scapularis and mammal hosts at their expanding northern range limits",2024-01-11,2024,article,https://doi.org/10.3389/fpara.2023.1272790,2,TRUE,diamond,FALSE,NA
Vanessa Poirier,McGill University,MSc,https://openalex.org/W4389502251,Peri-urban forest margins are important stopover sites for moult-migrating songbirds,Peri-urban forest margins are important stopover sites for moult-migrating songbirds,2023-12-09,2023,article,https://doi.org/10.1016/j.jnc.2023.126539,8,FALSE,closed,FALSE,NA
Madison Earhart,University of British Columbia,PhD,https://openalex.org/W4401933593,Persistent interactive effects of developmental salinity and temperature in Atlantic killifish (Fundulus heteroclitus),Persistent interactive effects of developmental salinity and temperature in Atlantic killifish (Fundulus heteroclitus),2024-08-28,2024,article,https://doi.org/10.1016/j.cbpa.2024.111732,1,TRUE,hybrid,FALSE,NA
Anais Remili,McGill University,PhD,https://openalex.org/W4406411863,"Persistent pollutant exposure impacts metabolomic profiles in polar bears and ringed seals from the High Arctic and Hudson Bay, Canada","Persistent pollutant exposure impacts metabolomic profiles in polar bears and ringed seals from the High Arctic and Hudson Bay, Canada",2025-01-15,2025,article,https://doi.org/10.1016/j.envres.2025.120862,9,FALSE,closed,FALSE,NA
Patrick Pata,University of British Columbia,PhD,https://openalex.org/W4283728652,Persistent zooplankton bioregions reflect long-term consistency of community composition and oceanographic drivers in the NE Pacific,Persistent zooplankton bioregions reflect long-term consistency of community composition and oceanographic drivers in the NE Pacific,2022-06-30,2022,article,https://doi.org/10.1016/j.pocean.2022.102849,22,FALSE,closed,FALSE,NA
Deirdre Loughnan,University of British Columbia,PhD,https://openalex.org/W4402231693,Phenology varies with phylogeny but not by trophic level with climate change,Phenology varies with phylogeny but not by trophic level with climate change,2024-09-04,2024,article,https://doi.org/10.1038/s41559-024-02499-1,9,FALSE,closed,FALSE,NA
Haley Branch,University of British Columbia,PhD,https://openalex.org/W4392862575,Phenotypic lags influence rapid evolution throughout a drought cycle,Phenotypic lags influence rapid evolution throughout a drought cycle,2024-03-15,2024,article,https://doi.org/10.1093/evolut/qpae037,8,FALSE,closed,FALSE,NA
Anna Cho,University of British Columbia,PhD,https://openalex.org/W4399427200,Phylogenomic analyses of ochrophytes (stramenopiles) with an emphasis on neglected lineages,Phylogenomic analyses of ochrophytes (stramenopiles) with an emphasis on neglected lineages,2024-06-07,2024,article,https://doi.org/10.1016/j.ympev.2024.108120,10,TRUE,hybrid,FALSE,NA
Anna Cho,University of British Columbia,PhD,https://openalex.org/W4388571327,Phylogenomic position of genetically diverse phagotrophic stramenopile flagellates in the sediment-associated MAST-6 lineage and a potentially halotolerant placididean,Phylogenomic position of genetically diverse phagotrophic stramenopile flagellates in the sediment-associated MAST-6 lineage and a potentially halotolerant placididean,2023-11-10,2023,article,https://doi.org/10.1016/j.ympev.2023.107964,9,FALSE,closed,FALSE,NA
Danielle Schmidt,University of British Columbia,PhD,https://openalex.org/W4391691371,Phylogenomics of American pika (Ochotona princeps) lineage diversification,Phylogenomics of American pika (Ochotona princeps) lineage diversification,2024-02-09,2024,article,https://doi.org/10.1016/j.ympev.2024.108030,7,TRUE,hybrid,FALSE,NA
Mannfred Boehm,University of British Columbia,PhD,https://openalex.org/W3205813039,Plant-Pollinator Specialization: Origin and Measurement of Curvature,Plant-Pollinator Specialization: Origin and Measurement of Curvature,2021-10-19,2021,article,https://doi.org/10.1086/717677,4,FALSE,closed,FALSE,NA
Arjan Banerjee,University of Toronto,PhD,https://openalex.org/W4220653544,Plastid Genomes of the Hemiparasitic Genus<i>Krameria</i>(Zygophyllales) Are Intact and Exhibit Little Relaxation in Selection,Plastid Genomes of the Hemiparasitic Genus<i>Krameria</i>(Zygophyllales) Are Intact and Exhibit Little Relaxation in Selection,2022-04-01,2022,article,https://doi.org/10.1086/719959,6,TRUE,hybrid,FALSE,NA
Carly McGregor,University of British Columbia,MSc,https://openalex.org/W4409281509,Pollinators utilize both traditional and forb-supplemented set-aside fields in agriculture,Pollinators utilize both traditional and forb-supplemented set-aside fields in agriculture,2025-04-09,2025,article,https://doi.org/10.1016/j.agee.2025.109682,0,TRUE,hybrid,FALSE,NA
Brock Burgess,University of British Columbia,PhD,https://openalex.org/W4221012194,Population genomics of Sitka black-tailed deer supports invasive species management and ecological restoration on islands,Population genomics of Sitka black-tailed deer supports invasive species management and ecological restoration on islands,2022-03-10,2022,article,https://doi.org/10.1038/s42003-022-03159-5,9,TRUE,gold,FALSE,NA
Chelsea Gowton,University of British Columbia,PhD,https://openalex.org/W4404412539,Positive association between foliar silicon and extrafloral nectar in Vicia faba with application of methyl jasmonate,Positive association between foliar silicon and extrafloral nectar in Vicia faba with application of methyl jasmonate,2024-11-15,2024,article,https://doi.org/10.1016/j.baae.2024.11.005,0,TRUE,gold,FALSE,NA
Mark Jewell,McGill University,PhD,https://openalex.org/W4380081340,Presence of microbiome decreases fitness and modifies phenotype in the aquatic plant <i>Lemna minor</i>,Presence of microbiome decreases fitness and modifies phenotype in the aquatic plant <i>Lemna minor</i>,2023-06-02,2023,article,https://doi.org/10.1093/aobpla/plad026,16,TRUE,gold,FALSE,NA
Aziz Ullah,University of Alberta,PhD,https://openalex.org/W3162142641,Production of complementary defense metabolites reflects a co‐evolutionary arms race between a host plant and a mutualistic bark beetle‐fungal complex,Production of complementary defense metabolites reflects a co‐evolutionary arms race between a host plant and a mutualistic bark beetle‐fungal complex,2021-05-19,2021,article,https://doi.org/10.1111/pce.14100,28,FALSE,closed,FALSE,NA
Alexandra Mayette,University of Manitoba,MSc,https://openalex.org/W4402004605,"Proximity analysis between icebreakers and narwhals in Tasiujaq, Nunavut, Canada","Proximity analysis between icebreakers and narwhals in Tasiujaq, Nunavut, Canada",2024-08-29,2024,article,https://doi.org/10.1002/jwmg.22655,0,TRUE,hybrid,FALSE,NA
Ruishen Zhang,McGill University,MSc,https://openalex.org/W4385320510,PTHrP Regulates Fatty Acid Metabolism via Novel lncRNA in Breast Cancer Initiation and Progression Models,PTHrP Regulates Fatty Acid Metabolism via Novel lncRNA in Breast Cancer Initiation and Progression Models,2023-07-25,2023,article,https://doi.org/10.3390/cancers15153763,3,TRUE,gold,FALSE,NA
Bryson Sjodin,University of British Columbia,PhD,https://openalex.org/W4394789566,Putative climate adaptation in American pikas (Ochotona princeps) is associated with copy number variation across environmental gradients,Putative climate adaptation in American pikas (Ochotona princeps) is associated with copy number variation across environmental gradients,2024-04-13,2024,article,https://doi.org/10.1038/s41598-024-59157-6,3,TRUE,gold,FALSE,NA
Michael Procko,University of British Columbia,MSc,https://openalex.org/W4399828447,Quantifying impacts of recreation on elk (<i>Cervus canadensis</i>) using novel modeling approaches,Quantifying impacts of recreation on elk (<i>Cervus canadensis</i>) using novel modeling approaches,2024-06-01,2024,article,https://doi.org/10.1002/ecs2.4873,10,TRUE,gold,FALSE,NA
John Cristiani,University of British Columbia,PhD,https://openalex.org/W4396916330,Quantifying marine larval dispersal to assess MPA network connectivity and inform future national and transboundary planning efforts,Quantifying marine larval dispersal to assess MPA network connectivity and inform future national and transboundary planning efforts,2024-05-15,2024,article,https://doi.org/10.1139/cjfas-2023-0188,7,TRUE,hybrid,FALSE,NA
Johannes Exler,University of British Columbia,PhD,https://openalex.org/W4307029833,"Quantifying throughfall, stemflow and interception loss in five vegetation communities in a maritime raised bog","Quantifying throughfall, stemflow and interception loss in five vegetation communities in a maritime raised bog",2022-10-21,2022,article,https://doi.org/10.1016/j.agrformet.2022.109202,14,FALSE,closed,FALSE,NA
Anais Remili,McGill University,PhD,https://openalex.org/W4365484966,Quantitative fatty acid signature analysis reveals a high level of dietary specialization in killer whales across the North Atlantic,Quantitative fatty acid signature analysis reveals a high level of dietary specialization in killer whales across the North Atlantic,2023-04-13,2023,article,https://doi.org/10.1111/1365-2656.13920,35,TRUE,hybrid,FALSE,NA
Derek Somo,University of British Columbia,PhD,https://openalex.org/W7141452161,R scripts and Data files for JEB.252284 Somo et al (2026) Evolved increases in running performance in cold hypoxia in high-altitude deer mice,R scripts and Data files for JEB.252284 Somo et al (2026) Evolved increases in running performance in cold hypoxia in high-altitude deer mice,2026-03-27,2026,article,https://doi.org/10.6084/m9.figshare.31872547.v1,0,TRUE,green,FALSE,NA
Anais Remili,McGill University,PhD,https://openalex.org/W4413526074,Régime alimentaire toxique : la santé des orques du Canada est fortement menacée par la pollution,Régime alimentaire toxique : la santé des orques du Canada est fortement menacée par la pollution,2023-11-28,2023,article,https://doi.org/10.64628/aap.gk5a57kvj,0,FALSE,closed,FALSE,NA
Haley Branch,University of British Columbia,PhD,https://openalex.org/W4400790496,Regional differences in leaf evolution facilitate photosynthesis following severe drought,Regional differences in leaf evolution facilitate photosynthesis following severe drought,2024-07-17,2024,article,https://doi.org/10.1111/nph.19963,16,TRUE,hybrid,FALSE,NA
Alexander Lanti-Traikovski,University of Alberta,MSc,https://openalex.org/W4414893861,Regional-scale hydrologic settings buffer black spruce regeneration in the presence of post-fire droughts,Regional-scale hydrologic settings buffer black spruce regeneration in the presence of post-fire droughts,2025-01-01,2025,article,https://doi.org/10.1139/cjfr-2024-0312,0,TRUE,hybrid,FALSE,NA
Alexander Hare,University of Guelph,PhD,https://openalex.org/W4391897323,Reproductive state alters vocal characteristics of female North American red squirrels (<i>Tamiasciurus hudsonicus</i>),Reproductive state alters vocal characteristics of female North American red squirrels (<i>Tamiasciurus hudsonicus</i>),2024-02-16,2024,article,https://doi.org/10.1093/jmammal/gyad128,2,FALSE,closed,FALSE,NA
Fanny Couture,University of British Columbia,PhD,https://openalex.org/W4285743230,Requirements and availability of prey for northeastern pacific southern resident killer whales,Requirements and availability of prey for northeastern pacific southern resident killer whales,2022-06-27,2022,article,https://doi.org/10.1371/journal.pone.0270523,15,TRUE,gold,FALSE,NA
Frédérique Tremblay,McGill University,MSc,https://openalex.org/W4206274833,Resting costs too: the relative importance of active and resting energy expenditure in a sub-arctic seabird,Resting costs too: the relative importance of active and resting energy expenditure in a sub-arctic seabird,2022-01-12,2022,article,https://doi.org/10.1242/jeb.243548,15,TRUE,hybrid,FALSE,NA
Kirsten Crandall,McGill University,PhD,https://openalex.org/W4386215905,Rocky rule: the idiosyncrasy of spatial and temporal size variation in mammals,Rocky rule: the idiosyncrasy of spatial and temporal size variation in mammals,2023-08-28,2023,article,https://doi.org/10.1093/jmammal/gyad083,1,TRUE,hybrid,FALSE,NA
Daniel Robinson,University of British Columbia,MSc,https://openalex.org/W3128829432,Rural Food and Wine Tourism in Canada’s South Okanagan Valley: Transformations for Food Sovereignty?,Rural Food and Wine Tourism in Canada’s South Okanagan Valley: Transformations for Food Sovereignty?,2021-02-07,2021,article,https://doi.org/10.3390/su13041808,30,TRUE,gold,FALSE,NA
Jacob Lerner,University of British Columbia,PhD,https://openalex.org/W4321004049,Seasonal variation in the lipid content of Fraser River Chinook Salmon (Oncorhynchus tshawytscha) and its implications for Southern Resident Killer Whale (Orcinus orca) prey quality,Seasonal variation in the lipid content of Fraser River Chinook Salmon (Oncorhynchus tshawytscha) and its implications for Southern Resident Killer Whale (Orcinus orca) prey quality,2023-02-15,2023,article,https://doi.org/10.1038/s41598-023-28321-9,15,TRUE,gold,FALSE,NA
Nicole McEwan,University of British Columbia,MSc,https://openalex.org/W4378450654,"Seasonality of modelled planktonic food web structure in the Strait of Georgia, Canada","Seasonality of modelled planktonic food web structure in the Strait of Georgia, Canada",2023-05-23,2023,article,https://doi.org/10.1016/j.ecolmodel.2023.110402,4,FALSE,closed,FALSE,NA
Gauthier Monnet,University of British Columbia,PhD,https://openalex.org/W4312050622,Selection for high growth displaces costs of digestion from <scp>SDA</scp> to <scp>SMR</scp> in divergent ecotypes of rainbow trout,Selection for high growth displaces costs of digestion from <scp>SDA</scp> to <scp>SMR</scp> in divergent ecotypes of rainbow trout,2022-12-19,2022,article,https://doi.org/10.1111/eff.12697,5,FALSE,closed,FALSE,NA
Emmanuelle D'Amours,McGill University,PhD,https://openalex.org/W4391293805,Selection of effective and competitive Sinorhizobium meliloti strains that nodulate alfalfa under low temperature,Selection of effective and competitive Sinorhizobium meliloti strains that nodulate alfalfa under low temperature,2024-01-28,2024,article,https://doi.org/10.1016/j.rhisph.2024.100860,1,FALSE,closed,FALSE,NA
Emmanuelle D'Amours,McGill University,PhD,https://openalex.org/W4385278928,Selection of rhizobial strains differing in their nodulation kinetics under low temperature in four temperate legume species,Selection of rhizobial strains differing in their nodulation kinetics under low temperature in four temperate legume species,2023-07-25,2023,article,https://doi.org/10.1002/glr2.12054,4,TRUE,diamond,FALSE,NA
Bhaleka Persaud,Wilfrid Laurier University,PhD,https://openalex.org/W4286493391,"Sensitivity of seasonal air temperature and precipitation, and onset of snowmelt, to Arctic Dipole modes across the Taiga Plains, Northwest Territories, Canada","Sensitivity of seasonal air temperature and precipitation, and onset of snowmelt, to Arctic Dipole modes across the Taiga Plains, Northwest Territories, Canada",2022-07-21,2022,article,https://doi.org/10.1002/joc.7810,3,FALSE,closed,FALSE,NA
Kelly Wang,University of British Columbia,MSc,https://openalex.org/W4406588972,Single-Cell Identification and Characterization of Viable but Nonculturable <i>Campylobacter jejuni</i> Using Raman Optical Tweezers and Machine Learning,Single-Cell Identification and Characterization of Viable but Nonculturable <i>Campylobacter jejuni</i> Using Raman Optical Tweezers and Machine Learning,2025-01-19,2025,article,https://doi.org/10.1021/acs.analchem.4c03749,6,FALSE,closed,FALSE,NA
Patrick Pata,University of British Columbia,PhD,https://openalex.org/W3203983570,Spatial Planning Insights for Philippine Coral Reef Conservation Using Larval Connectivity Networks,Spatial Planning Insights for Philippine Coral Reef Conservation Using Larval Connectivity Networks,2021-10-06,2021,article,https://doi.org/10.3389/fmars.2021.719691,15,TRUE,gold,FALSE,NA
Julia Briand,McGill University,MSc,https://openalex.org/W4313584893,Spatio-temporal patterns in coral reef composition and function across an altered environmental gradient: A 15-year study in the Caribbean,Spatio-temporal patterns in coral reef composition and function across an altered environmental gradient: A 15-year study in the Caribbean,2023-01-04,2023,article,https://doi.org/10.3389/fmars.2022.977551,6,TRUE,gold,FALSE,NA
Debra Wertman,University of British Columbia,PhD,https://openalex.org/W4410379883,Special delivery: A hardwood‐killing bark beetle vectors its unusual symbiote among host trees,Special delivery: A hardwood‐killing bark beetle vectors its unusual symbiote among host trees,2025-05-01,2025,article,https://doi.org/10.1002/ecs2.70256,0,TRUE,gold,FALSE,NA
Kelly Wang,University of British Columbia,MSc,https://openalex.org/W4389223262,Species identification and strain discrimination of fermentation yeasts <i>Saccharomyces cerevisiae</i> and <i>Saccharomyces uvarum</i> using Raman spectroscopy and convolutional neural networks,Species identification and strain discrimination of fermentation yeasts <i>Saccharomyces cerevisiae</i> and <i>Saccharomyces uvarum</i> using Raman spectroscopy and convolutional neural networks,2023-12-01,2023,article,https://doi.org/10.1128/aem.01673-23,13,TRUE,green,FALSE,NA
Joanne Breckenridge,University of British Columbia,PhD,https://openalex.org/W4400847784,"Spring resting egg production of the calanoid copepod, <i>Eurytemora affinis</i>, in a freshet-dominated estuary","Spring resting egg production of the calanoid copepod, <i>Eurytemora affinis</i>, in a freshet-dominated estuary",2024-07-20,2024,article,https://doi.org/10.1093/plankt/fbae039,0,TRUE,hybrid,FALSE,NA
Jacob Lerner,University of British Columbia,PhD,https://openalex.org/W4392338219,Stable isotopes delineate regional pelagic food web structure in British Columbia’s coastal ocean,Stable isotopes delineate regional pelagic food web structure in British Columbia’s coastal ocean,2024-02-29,2024,article,https://doi.org/10.1139/cjfas-2023-0057,1,TRUE,green,FALSE,NA
Jacob Lerner,University of British Columbia,PhD,https://openalex.org/W4301394090,Stable isotopes reveal that bottom-up omnivory drives food chain length and trophic position in eutrophic coastal ecosystems,Stable isotopes reveal that bottom-up omnivory drives food chain length and trophic position in eutrophic coastal ecosystems,2022-10-01,2022,article,https://doi.org/10.1093/icesjms/fsac171,10,TRUE,bronze,FALSE,NA
Julia McAulay,University of British Columbia,MSc,https://openalex.org/W4408464622,Stable Isotopes Reveal the Drivers of Post‐Wildfire Natural Regeneration of Interior Douglas‐Fir Seedlings in British Columbia,Stable Isotopes Reveal the Drivers of Post‐Wildfire Natural Regeneration of Interior Douglas‐Fir Seedlings in British Columbia,2025-03-01,2025,article,https://doi.org/10.1002/ece3.71078,1,TRUE,gold,FALSE,NA
Rebecca McCabe,McGill University,PhD,https://openalex.org/W4405727600,Status assessment and conservation priorities for a circumpolar raptor: the Snowy Owl <i>Bubo scandiacus</i>,Status assessment and conservation priorities for a circumpolar raptor: the Snowy Owl <i>Bubo scandiacus</i>,2024-01-01,2024,article,https://doi.org/10.1017/s0959270924000248,3,TRUE,hybrid,FALSE,NA
Samantha Straus,University of British Columbia,PhD,https://openalex.org/W4386189452,Sublethal effects of kleptoparasitism on experimental social spider colonies,Sublethal effects of kleptoparasitism on experimental social spider colonies,2023-08-26,2023,article,https://doi.org/10.1111/eth.13401,3,TRUE,hybrid,FALSE,NA
Kaleigh Davis,University of British Columbia,PhD,https://openalex.org/W4362506875,Successional dynamics of the cultivated kelp microbiome,Successional dynamics of the cultivated kelp microbiome,2023-04-03,2023,article,https://doi.org/10.1111/jpy.13329,26,TRUE,hybrid,FALSE,NA
Alexandra Mayette,University of Manitoba,MSc,https://openalex.org/W4322622986,Summer distribution and habitat preference of beluga whale social groups in the Eastern Beaufort Sea,Summer distribution and habitat preference of beluga whale social groups in the Eastern Beaufort Sea,2023-02-28,2023,article,https://doi.org/10.1139/as-2022-0035,5,TRUE,gold,FALSE,NA
Alyssa Nonis,University of British Columbia,MSc,https://openalex.org/W4372358143,Summer physical habitat associations and movement of sympatric juvenile rainbow trout (Oncorhynchus mykiss) and Dolly Varden char (Salvelinus malma) in coastal streams of British Columbia,Summer physical habitat associations and movement of sympatric juvenile rainbow trout (Oncorhynchus mykiss) and Dolly Varden char (Salvelinus malma) in coastal streams of British Columbia,2023-05-06,2023,article,https://doi.org/10.1007/s10641-023-01418-w,1,FALSE,closed,FALSE,NA
Mélanie-Louise Leblanc,McGill University,PhD,https://openalex.org/W4321444078,"Tabusintac Bay (New Brunswick, Canada): an important spring migratory stopover for Atlantic Brant (&lt;i&gt;Branta bernicla hrota&lt;/i&gt;)","Tabusintac Bay (New Brunswick, Canada): an important spring migratory stopover for Atlantic Brant (&lt;i&gt;Branta bernicla hrota&lt;/i&gt;)",2023-02-20,2023,article,https://doi.org/10.22621/cfn.v136i3.2923,3,TRUE,hybrid,FALSE,NA
Mathilde Jutras,McGill University,PhD,https://openalex.org/W4321787630,Temporal and spatial evolution of bottom-water hypoxia in the St Lawrence estuarine system,Temporal and spatial evolution of bottom-water hypoxia in the St Lawrence estuarine system,2023-02-24,2023,article,https://doi.org/10.5194/bg-20-839-2023,27,TRUE,gold,FALSE,NA
Bhaleka Persaud,Wilfrid Laurier University,PhD,https://openalex.org/W3201577713,Ten best practices to strengthen stewardship and sharing of water science data in Canada,Ten best practices to strengthen stewardship and sharing of water science data in Canada,2021-09-18,2021,article,https://doi.org/10.1002/hyp.14385,8,TRUE,hybrid,FALSE,NA
Hehan Zhang,University of British Columbia,MSc,https://openalex.org/W4206753380,The Bacteroidetes Aequorivita sp. and Kaistella jeonii Produce Promiscuous Esterases With PET-Hydrolyzing Activity,The Bacteroidetes Aequorivita sp. and Kaistella jeonii Produce Promiscuous Esterases With PET-Hydrolyzing Activity,2022-01-05,2022,article,https://doi.org/10.3389/fmicb.2021.803896,60,TRUE,gold,FALSE,NA
Fanny Couture,University of British Columbia,PhD,https://openalex.org/W4392818654,"The combined effects of predation, fishing, and ocean productivity on salmon species targeted by marine mammals in the northeast Pacific","The combined effects of predation, fishing, and ocean productivity on salmon species targeted by marine mammals in the northeast Pacific",2024-03-14,2024,article,https://doi.org/10.1371/journal.pone.0296358,16,TRUE,gold,FALSE,NA
Anna Cho,University of British Columbia,PhD,https://openalex.org/W4401715634,The core microbiome of cultured Pacific oyster spat is affected by age but not mortality,The core microbiome of cultured Pacific oyster spat is affected by age but not mortality,2024-08-20,2024,article,https://doi.org/10.1128/spectrum.00031-24,5,TRUE,gold,FALSE,NA
Egor Katkov,McGill University,PhD,https://openalex.org/W4362671144,The effect of increasing temperature and p<scp>CO<sub>2</sub></scp> on experimental pelagic freshwater communities,The effect of increasing temperature and p<scp>CO<sub>2</sub></scp> on experimental pelagic freshwater communities,2023-04-05,2023,article,https://doi.org/10.1002/lno.12344,11,TRUE,hybrid,FALSE,NA
Catalina Claus,McGill University,MSc,https://openalex.org/W4405485473,The effects of acclimation to temperature and chloride salinity on the thermal tolerance of goldfish (Carassius auratus),The effects of acclimation to temperature and chloride salinity on the thermal tolerance of goldfish (Carassius auratus),2024-12-17,2024,article,https://doi.org/10.1007/s10641-024-01643-x,3,FALSE,closed,FALSE,NA
Erin Gleeson,McGill University,MSc,https://openalex.org/W4416202626,The Global Spatial Co‐Variation Between Crop Diversity and Landscape Heterogeneity,The Global Spatial Co‐Variation Between Crop Diversity and Landscape Heterogeneity,2025-11-01,2025,article,https://doi.org/10.1111/gcb.70583,0,TRUE,green,FALSE,NA
Melanie Warren,University of British Columbia,MSc,https://openalex.org/W4395029443,The likely role of urea in delaying the size at first maturity of ureosmotic Chondrichthyes,The likely role of urea in delaying the size at first maturity of ureosmotic Chondrichthyes,2024-04-23,2024,article,https://doi.org/10.1007/s10641-024-01548-9,1,FALSE,closed,FALSE,NA
Hehan Zhang,University of British Columbia,MSc,https://openalex.org/W4385638949,The metagenome‐derived esterase <scp>PET40</scp> is highly promiscuous and hydrolyses polyethylene terephthalate ( <scp>PET</scp> ),The metagenome‐derived esterase <scp>PET40</scp> is highly promiscuous and hydrolyses polyethylene terephthalate ( <scp>PET</scp> ),2023-08-07,2023,article,https://doi.org/10.1111/febs.16924,30,TRUE,bronze,FALSE,NA
Kaleigh Davis,University of British Columbia,PhD,https://openalex.org/W3145398228,The microbiota of intertidal macroalgae <scp> <i>Fucus distichus</i> </scp> is site‐specific and resistant to change following transplant,The microbiota of intertidal macroalgae <scp> <i>Fucus distichus</i> </scp> is site‐specific and resistant to change following transplant,2021-04-05,2021,article,https://doi.org/10.1111/1462-2920.15496,10,FALSE,closed,FALSE,NA
Brock Burgess,University of British Columbia,PhD,https://openalex.org/W3194031332,The Promise of Genetics and Genomics for Improving Invasive Mammal Management on Islands,The Promise of Genetics and Genomics for Improving Invasive Mammal Management on Islands,2021-08-03,2021,article,https://doi.org/10.3389/fevo.2021.704809,19,TRUE,gold,FALSE,NA
Jade Legros,McGill University,MSc,https://openalex.org/W4392447126,The relative influence of landscape features on maternity roost and hibernaculum selection in temperate bats,The relative influence of landscape features on maternity roost and hibernaculum selection in temperate bats,2024-03-05,2024,article,https://doi.org/10.1139/cjz-2023-0085,1,FALSE,closed,FALSE,NA
Haley Branch,University of British Columbia,PhD,https://openalex.org/W7128236254,The sleeping giant needs coffee: Overlooked areas for integrating plant ecophysiology and evolutionary biology,The sleeping giant needs coffee: Overlooked areas for integrating plant ecophysiology and evolutionary biology,2026-02-01,2026,article,https://doi.org/10.1002/ajb2.70164,0,TRUE,hybrid,FALSE,NA
Haley Branch,University of British Columbia,PhD,https://openalex.org/W4415707089,The sleeping giant needs coffee: overlooked areas for the integration of plant ecophysiology and evolutionary biology,The sleeping giant needs coffee: overlooked areas for the integration of plant ecophysiology and evolutionary biology,2025-10-30,2025,article,https://doi.org/10.32942/x2sh32,0,TRUE,gold,FALSE,NA
Christophe Benjamin,McGill University,MSc,https://openalex.org/W7128710362,Thermal effects on feeding efficiency and body condition in invasive and native benthivorous freshwater fishes,Thermal effects on feeding efficiency and body condition in invasive and native benthivorous freshwater fishes,2026-02-01,2026,article,https://doi.org/10.1007/s10530-026-03767-w,0,TRUE,hybrid,FALSE,NA
Frédérique Tremblay,McGill University,MSc,https://openalex.org/W4402849670,"Time-energy budgets outperform dynamic body acceleration in predicting daily energy expenditure in kittiwakes, and estimate a very low cost of gliding flight relative to flapping flight","Time-energy budgets outperform dynamic body acceleration in predicting daily energy expenditure in kittiwakes, and estimate a very low cost of gliding flight relative to flapping flight",2024-09-25,2024,article,https://doi.org/10.1242/jeb.247176,2,TRUE,hybrid,FALSE,NA
Bianca Marcellino,University of Toronto,MSc,https://openalex.org/W4388789602,Too hot to handle: male dragonflies decrease time spent mating at higher temperatures,Too hot to handle: male dragonflies decrease time spent mating at higher temperatures,2023-11-18,2023,article,https://doi.org/10.1016/j.anbehav.2023.10.007,2,FALSE,closed,FALSE,NA
Caitlyn Horsch,McGill University,MSc,https://openalex.org/W4361297415,Trait‐based assembly of arbuscular mycorrhizal fungal communities determines soil carbon formation and retention,Trait‐based assembly of arbuscular mycorrhizal fungal communities determines soil carbon formation and retention,2023-03-29,2023,article,https://doi.org/10.1111/nph.18914,72,TRUE,bronze,FALSE,NA
Bhaleka Persaud,Wilfrid Laurier University,PhD,https://openalex.org/W4412738279,"Trend Analysis of Surface Shortwave (Solar) Radiation in Continental Northwest Territories, Canada (1980–2023)","Trend Analysis of Surface Shortwave (Solar) Radiation in Continental Northwest Territories, Canada (1980–2023)",2025-07-30,2025,article,https://doi.org/10.1175/jcli-d-25-0123.1,1,FALSE,closed,FALSE,NA
Alicia Korpach,University of Manitoba,PhD,https://openalex.org/W4225004517,Urbanization and artificial light at night reduce the functional connectivity of migratory aerial habitat,Urbanization and artificial light at night reduce the functional connectivity of migratory aerial habitat,2022-04-28,2022,article,https://doi.org/10.1111/ecog.05581,33,TRUE,gold,FALSE,NA
Mitchell Fennell,University of British Columbia,MSc,https://openalex.org/W4221006709,Use of object detection in camera trap image identification: Assessing a method to rapidly and accurately classify human and animal detections for research and application in recreation ecology,Use of object detection in camera trap image identification: Assessing a method to rapidly and accurately classify human and animal detections for research and application in recreation ecology,2022-03-25,2022,article,https://doi.org/10.1016/j.gecco.2022.e02104,78,TRUE,gold,FALSE,NA
Ana Pozas Franco,University of British Columbia,MSc,https://openalex.org/W7135226222,Using Gaussian Process Regression to disentangle marine carbonate system trends and variability,Using Gaussian Process Regression to disentangle marine carbonate system trends and variability,2026-03-14,2026,article,https://doi.org/10.5194/egusphere-egu26-12925,0,TRUE,gold,FALSE,NA
Mélanie-Louise Leblanc,McGill University,PhD,https://openalex.org/W3150052083,"Using Landsat Time-Series to Monitor and Inform Seagrass Dynamics: A Case Study in the Tabusintac Estuary, New Brunswick, Canada","Using Landsat Time-Series to Monitor and Inform Seagrass Dynamics: A Case Study in the Tabusintac Estuary, New Brunswick, Canada",2021-01-02,2021,article,https://doi.org/10.1080/07038992.2021.1893672,13,TRUE,green,FALSE,NA
Paul Hacker,University of British Columbia,PhD,https://openalex.org/W4211142086,Using leaf functional traits to remotely detect Cytisus scoparius (Linnaeus) Link in endangered savannahs,Using leaf functional traits to remotely detect Cytisus scoparius (Linnaeus) Link in endangered savannahs,2022-02-11,2022,article,https://doi.org/10.3897/neobiota.71.76573,5,TRUE,gold,FALSE,NA
Natalie Benoit,University of British Columbia,MSc,https://openalex.org/W4378086011,Using <scp>qPCR</scp> of environmental <scp>DNA</scp> (<scp>eDNA</scp>) to estimate the biomass of juvenile Pacific salmon (<i>Oncorhynchus</i> spp.),Using <scp>qPCR</scp> of environmental <scp>DNA</scp> (<scp>eDNA</scp>) to estimate the biomass of juvenile Pacific salmon (<i>Oncorhynchus</i> spp.),2023-05-22,2023,article,https://doi.org/10.1002/edn3.422,21,TRUE,gold,FALSE,NA
Cameron Cosgrove,University of British Columbia,MSc,https://openalex.org/W4399824911,Using the full potential of Airborne Laser Scanning (aerial LiDAR) in wildlife research,Using the full potential of Airborne Laser Scanning (aerial LiDAR) in wildlife research,2024-06-18,2024,article,https://doi.org/10.1002/wsb.1532,10,TRUE,diamond,FALSE,NA
Anais Remili,McGill University,PhD,https://openalex.org/W4280505848,Validation of quantitative fatty acid signature analysis for estimating the diet composition of free-ranging killer whales,Validation of quantitative fatty acid signature analysis for estimating the diet composition of free-ranging killer whales,2022-05-13,2022,article,https://doi.org/10.1038/s41598-022-11660-4,13,TRUE,gold,FALSE,NA
Mathilde Jutras,McGill University,PhD,https://openalex.org/W3204671297,Variability of the circulation in the western North Atlantic and its impact on deep-water oxygen concentrations in the St. Lawrence Estuary on the western continental shelf: evidence from observations,Variability of the circulation in the western North Atlantic and its impact on deep-water oxygen concentrations in the St. Lawrence Estuary on the western continental shelf: evidence from observations,2021-03-03,2021,article,https://doi.org/10.5194/egusphere-egu21-485,0,TRUE,gold,FALSE,NA
Paul Hacker,University of British Columbia,PhD,https://openalex.org/W4213085300,Variations in accuracy of leaf functional trait prediction due to spectral mixing,Variations in accuracy of leaf functional trait prediction due to spectral mixing,2022-02-16,2022,article,https://doi.org/10.1016/j.ecolind.2022.108687,13,TRUE,gold,FALSE,NA
Anais Remili,McGill University,PhD,https://openalex.org/W4387530902,Varying Diet Composition Causes Striking Differences in Legacy and Emerging Contaminant Concentrations in Killer Whales across the North Atlantic,Varying Diet Composition Causes Striking Differences in Legacy and Emerging Contaminant Concentrations in Killer Whales across the North Atlantic,2023-10-11,2023,article,https://doi.org/10.1021/acs.est.3c05516,18,TRUE,green,FALSE,NA
Melanie Warren,University of British Columbia,MSc,https://openalex.org/W4317851249,Water Quality in Puerto Rico after Hurricane Maria: Challenges Associated with Water Quality Assessments and Implications for Resilience,Water Quality in Puerto Rico after Hurricane Maria: Challenges Associated with Water Quality Assessments and Implications for Resilience,2023-01-24,2023,article,https://doi.org/10.1021/acsestwater.2c00425,4,FALSE,closed,FALSE,NA
Grant Haines,McGill University,PhD,https://openalex.org/W7135049694,"Weather and catchment morphology drive thermal regime variation among subarctic ponds, and possible effects on resident Arctic charr","Weather and catchment morphology drive thermal regime variation among subarctic ponds, and possible effects on resident Arctic charr",2026-03-11,2026,article,https://doi.org/10.1007/s10452-026-10269-3,0,TRUE,hybrid,FALSE,NA
