searched_name,matched_author_id,matched_author_name,matched_author_orcid,id,display_name,title,publication_date,publication_year,type,doi,cited_by_count,is_oa,oa_status,Institution_ID,program,institution_name
Brooke Biddlecombe,https://openalex.org/A5030652486,Brooke A. Biddlecombe,https://orcid.org/0000-0002-3273-0644,https://openalex.org/W3138291332,Effects of sea ice fragmentation on polar bear migratory movement in Hudson Bay,Effects of sea ice fragmentation on polar bear migratory movement in Hudson Bay,2021-03-23,2021,article,https://doi.org/10.3354/meps13684,16,FALSE,closed,Manitoba,PhD,University of Manitoba
Brooke Biddlecombe,https://openalex.org/A5030652486,Brooke A. Biddlecombe,https://orcid.org/0000-0002-3273-0644,https://openalex.org/W4220682488,Modeling population trajectory and probability of decline in northern Hudson Bay narwhals (<i>Monodon monoceros</i>),Modeling population trajectory and probability of decline in northern Hudson Bay narwhals (<i>Monodon monoceros</i>),2022-03-21,2022,article,https://doi.org/10.1111/mms.12925,6,TRUE,hybrid,Manitoba,PhD,University of Manitoba
Brooke Biddlecombe,https://openalex.org/A5030652486,Brooke A. Biddlecombe,https://orcid.org/0000-0002-3273-0644,https://openalex.org/W4378189281,Estimating abundance of Eastern Canada-West Greenland bowhead whales using genetic mark-recapture analyses,Estimating abundance of Eastern Canada-West Greenland bowhead whales using genetic mark-recapture analyses,2023-05-25,2023,article,https://doi.org/10.1016/j.gecco.2023.e02524,6,TRUE,gold,Manitoba,PhD,University of Manitoba
Brooke Biddlecombe,https://openalex.org/A5030652486,Brooke A. Biddlecombe,https://orcid.org/0000-0002-3273-0644,https://openalex.org/W4403965912,SEROPREVALENCE OF ERYSIPELOTHRIX RHUSIOPATHIAE IN BEAUFORT SEA POLAR BEARS (URSUS MARITIMUS) IS LINKED TO RINGED SEAL (PUSA HISPIDA) DEMOGRAPHICS,SEROPREVALENCE OF ERYSIPELOTHRIX RHUSIOPATHIAE IN BEAUFORT SEA POLAR BEARS (URSUS MARITIMUS) IS LINKED TO RINGED SEAL (PUSA HISPIDA) DEMOGRAPHICS,2025-01-31,2025,article,https://doi.org/10.7589/jwd-d-24-00078,3,FALSE,closed,Manitoba,PhD,University of Manitoba
Brooke Biddlecombe,https://openalex.org/A5030652486,Brooke A. Biddlecombe,https://orcid.org/0000-0002-3273-0644,https://openalex.org/W3016250847,Comparing sea ice habitat fragmentation metrics using integrated step selection analysis,Comparing sea ice habitat fragmentation metrics using integrated step selection analysis,2020-04-12,2020,article,https://doi.org/10.1002/ece3.6233,7,TRUE,gold,Manitoba,PhD,University of Manitoba
Brooke Biddlecombe,https://openalex.org/A5030652486,Brooke A. Biddlecombe,https://orcid.org/0000-0002-3273-0644,https://openalex.org/W4225959154,Incorporating environmental covariates into a Bayesian stock production model for the endangered Cumberland Sound beluga population,Incorporating environmental covariates into a Bayesian stock production model for the endangered Cumberland Sound beluga population,2022-03-14,2022,article,https://doi.org/10.3354/esr01186,2,TRUE,gold,Manitoba,PhD,University of Manitoba
Brooke Biddlecombe,https://openalex.org/A5030652486,Brooke A. Biddlecombe,https://orcid.org/0000-0002-3273-0644,https://openalex.org/W4411408176,Combining multiple data sources to model population dynamics of Eastern Canada-West Greenland bowhead whales,Combining multiple data sources to model population dynamics of Eastern Canada-West Greenland bowhead whales,2025-06-18,2025,article,https://doi.org/10.1016/j.jenvman.2025.126183,1,TRUE,hybrid,Manitoba,PhD,University of Manitoba
Andrea Brown,https://openalex.org/A5065925940,Andrea Brown,https://orcid.org/0000-0002-2038-7535,https://openalex.org/W3136340045,Nomadic breeders Snowy Owls (<i>Bubo scandiacus</i>) do not use stopovers to sample the summer environment,Nomadic breeders Snowy Owls (<i>Bubo scandiacus</i>) do not use stopovers to sample the summer environment,2021-03-12,2021,article,https://doi.org/10.1111/ibi.12950,7,FALSE,closed,McGill,MSc,McGill University
Caroline Dallstream,https://openalex.org/A5034917000,Caroline Dallstream,https://orcid.org/0000-0002-9193-0611,https://openalex.org/W4214931459,A framework for fine‐root trait syndromes: syndrome coexistence may support phosphorus partitioning in tropical forests,A framework for fine‐root trait syndromes: syndrome coexistence may support phosphorus partitioning in tropical forests,2022-03-02,2022,article,https://doi.org/10.1111/oik.08908,28,FALSE,closed,McGill,PhD,McGill University
Caroline Dallstream,https://openalex.org/A5034917000,Caroline Dallstream,https://orcid.org/0000-0002-9193-0611,https://openalex.org/W4409974870,Strong scale‐dependent relationships between fine‐root function and soil properties uncovered with spatially coupled sampling,Strong scale‐dependent relationships between fine‐root function and soil properties uncovered with spatially coupled sampling,2025-04-29,2025,article,https://doi.org/10.1111/nph.70143,5,TRUE,hybrid,McGill,PhD,McGill University
Jonathan Diamond,https://openalex.org/A5067351791,Jonathan Diamond,https://orcid.org/0000-0002-4776-090X,https://openalex.org/W4319834864,Patterns of functional diversity along latitudinal gradients of species richness in eleven fish families,Patterns of functional diversity along latitudinal gradients of species richness in eleven fish families,2023-01-16,2023,article,https://doi.org/10.1111/geb.13633,13,FALSE,closed,McGill,MSc,McGill University
Jonathan Diamond,https://openalex.org/A5067351791,Jonathan Diamond,https://orcid.org/0000-0002-4776-090X,https://openalex.org/W4389681998,Chipping in: functional morphology of the American beaver under range expansion,Chipping in: functional morphology of the American beaver under range expansion,2023-12-12,2023,article,https://doi.org/10.1111/jzo.13138,1,TRUE,hybrid,McGill,MSc,McGill University
Sandra Emry,https://openalex.org/A5009189365,Sandra Emry,https://orcid.org/0000-0001-6882-2105,https://openalex.org/W4416413055,It Takes a Network: Building Biodiversity Knowledge Through Collaboration,It Takes a Network: Building Biodiversity Knowledge Through Collaboration,2025-11-20,2025,article,https://doi.org/10.3897/biss.9.178568,0,TRUE,diamond,UBC,PhD,University of British Columbia
Amelia Hesketh,https://openalex.org/A5052482231,Amelia V. Hesketh,https://orcid.org/0000-0002-7344-8565,https://openalex.org/W4292315840,"Extreme heatwave drives topography‐dependent patterns of mortality in a bed‐forming intertidal barnacle, with implications for associated community structure","Extreme heatwave drives topography‐dependent patterns of mortality in a bed‐forming intertidal barnacle, with implications for associated community structure",2022-08-17,2022,article,https://doi.org/10.1111/gcb.16390,42,TRUE,hybrid,UBC,PhD,University of British Columbia
Amelia Hesketh,https://openalex.org/A5052482231,Amelia V. Hesketh,https://orcid.org/0000-0002-7344-8565,https://openalex.org/W3179826834,Ecological and environmental context shape the differential effects of a facilitator in its native and invaded ranges,Ecological and environmental context shape the differential effects of a facilitator in its native and invaded ranges,2021-07-16,2021,article,https://doi.org/10.1002/ecy.3478,8,FALSE,closed,UBC,PhD,University of British Columbia
Amelia Hesketh,https://openalex.org/A5052482231,Amelia V. Hesketh,https://orcid.org/0000-0002-7344-8565,https://openalex.org/W4284677292,Seasonal and annual dynamics of western Canadian boreal forest plant communities: A legacy data set spanning four decades,Seasonal and annual dynamics of western Canadian boreal forest plant communities: A legacy data set spanning four decades,2022-07-07,2022,article,https://doi.org/10.1002/ecy.3805,3,TRUE,hybrid,UBC,PhD,University of British Columbia
Elizabeth Houghton,https://openalex.org/A5021551493,Elizabeth Houghton,https://orcid.org/0000-0003-1229-7617,https://openalex.org/W4309923205,"Effects of postharvest deficit irrigation on sweet cherry (<i>Prunus avium</i>) in five Okanagan Valley, Canada, orchards: I. Tree water status, photosynthesis, and growth","Effects of postharvest deficit irrigation on sweet cherry (<i>Prunus avium</i>) in five Okanagan Valley, Canada, orchards: I. Tree water status, photosynthesis, and growth",2022-11-24,2022,article,https://doi.org/10.1139/cjps-2022-0200,10,TRUE,hybrid,UBCO,MSc,University of British Columbia
Elizabeth Houghton,https://openalex.org/A5021551493,Elizabeth Houghton,https://orcid.org/0000-0003-1229-7617,https://openalex.org/W4317565342,"Effects of postharvest deficit irrigation on sweet cherry (<i>Prunus avium</i>) in five Okanagan Valley, Canada, orchards: II. Phenology, cold hardiness, fruit yield, and quality","Effects of postharvest deficit irrigation on sweet cherry (<i>Prunus avium</i>) in five Okanagan Valley, Canada, orchards: II. Phenology, cold hardiness, fruit yield, and quality",2023-01-20,2023,article,https://doi.org/10.1139/cjps-2022-0201,8,TRUE,hybrid,UBCO,MSc,University of British Columbia
Elizabeth Houghton,https://openalex.org/A5021551493,Elizabeth Houghton,https://orcid.org/0000-0003-1229-7617,https://openalex.org/W4385629015,Models for Estimating the Cold Hardiness of Sweet Cherry (Prunus avium cv. Sweetheart and Lapins) in Cold Climate Regions,Models for Estimating the Cold Hardiness of Sweet Cherry (Prunus avium cv. Sweetheart and Lapins) in Cold Climate Regions,2023-08-07,2023,article,https://doi.org/10.21273/hortsci17128-23,2,TRUE,gold,UBCO,MSc,University of British Columbia
Elizabeth Houghton,https://openalex.org/A5021551493,Elizabeth Houghton,https://orcid.org/0000-0003-1229-7617,https://openalex.org/W4391091211,Factors that influence measurements of sweet cherry (<i>Prunus avium</i>) flower bud cold hardiness obtained using differential thermal analysis,Factors that influence measurements of sweet cherry (<i>Prunus avium</i>) flower bud cold hardiness obtained using differential thermal analysis,2024-01-22,2024,article,https://doi.org/10.1139/cjps-2023-0087,0,TRUE,hybrid,UBCO,MSc,University of British Columbia
Elizabeth Houghton,https://openalex.org/A5021551493,Elizabeth Houghton,https://orcid.org/0000-0003-1229-7617,https://openalex.org/W4401783365,Investigating properties of sweet cherry (<i>Prunus avium</i>) flower buds that help promote freezing avoidance by supercooling,Investigating properties of sweet cherry (<i>Prunus avium</i>) flower buds that help promote freezing avoidance by supercooling,2024-08-21,2024,article,https://doi.org/10.1111/plb.13697,0,TRUE,hybrid,UBCO,MSc,University of British Columbia
Jared Hrycan,https://openalex.org/A5092450320,Jared Hrycan,NA,https://openalex.org/W4383998635,Health Status of Ready-to-Plant Grapevine Nursery Material in Canada Regarding Young Vine Decline Fungi,Health Status of Ready-to-Plant Grapevine Nursery Material in Canada Regarding Young Vine Decline Fungi,2023-07-12,2023,article,https://doi.org/10.1094/pdis-05-23-0900-sr,18,FALSE,closed,UBCO,NA,University of British Columbia
Jared Hrycan,https://openalex.org/A5092450320,Jared Hrycan,NA,https://openalex.org/W4406034533,Impact of water stress on &lt;i&gt;Phaeomoniella chlamydospora&lt;/i&gt; abundance and Petri disease symptom development in young grapevines,Impact of water stress on &lt;i&gt;Phaeomoniella chlamydospora&lt;/i&gt; abundance and Petri disease symptom development in young grapevines,2025-01-02,2025,article,https://doi.org/10.20870/oeno-one.2025.59.1.8317,2,TRUE,diamond,UBCO,NA,University of British Columbia
Jared Hrycan,https://openalex.org/A5092450320,Jared Hrycan,NA,https://openalex.org/W7129031916,Investigating the interaction between ring nematode infestation and Petri disease development in young Merlot grapevines infected with Phaeomoniella chlamydospora,Investigating the interaction between ring nematode infestation and Petri disease development in young Merlot grapevines infected with Phaeomoniella chlamydospora,2026-02-16,2026,article,https://doi.org/10.1007/s10658-025-03165-3,0,FALSE,closed,UBCO,NA,University of British Columbia
Dieter Kahl,https://openalex.org/A5021781387,Dieter Kahl,https://orcid.org/0000-0002-0058-7089,https://openalex.org/W3162436040,Identification of candidate insect vectors of <i>Grapevine red blotch virus</i> by means of an artificial feeding diet,Identification of candidate insect vectors of <i>Grapevine red blotch virus</i> by means of an artificial feeding diet,2021-05-17,2021,article,https://doi.org/10.1080/07060661.2021.1930174,12,FALSE,closed,UBCO,NA,University of British Columbia
Dieter Kahl,https://openalex.org/A5021781387,Dieter Kahl,https://orcid.org/0000-0002-0058-7089,https://openalex.org/W3205334821,Seasonal dynamics and optimal diagnostics of<i>Grapevine red blotch virus</i>in a British Columbian vineyard,Seasonal dynamics and optimal diagnostics of<i>Grapevine red blotch virus</i>in a British Columbian vineyard,2021-10-15,2021,article,https://doi.org/10.1080/07060661.2021.1993346,8,FALSE,closed,UBCO,NA,University of British Columbia
Jessica Kennedy,https://openalex.org/A5041956913,Jessica Kennedy,https://orcid.org/0000-0002-7979-1516,https://openalex.org/W3101861010,"Drivers of plasticity in freeze tolerance in the intertidal mussel, <i>Mytilus trossulus</i>","Drivers of plasticity in freeze tolerance in the intertidal mussel, <i>Mytilus trossulus</i>",2020-01-01,2020,article,https://doi.org/10.1242/jeb.233478,20,TRUE,bronze,UBC,MSc,University of British Columbia
Natasha Klasios,https://openalex.org/A5008097376,Natasha Klasios,https://orcid.org/0000-0002-7527-6090,https://openalex.org/W3112807306,"Microplastics and other anthropogenic particles are prevalent in mussels from San Francisco Bay, and show no correlation with PAHs","Microplastics and other anthropogenic particles are prevalent in mussels from San Francisco Bay, and show no correlation with PAHs",2020-12-10,2020,article,https://doi.org/10.1016/j.envpol.2020.116260,76,FALSE,closed,UBC,NA,University of British Columbia
Natasha Klasios,https://openalex.org/A5008097376,Natasha Klasios,https://orcid.org/0000-0002-7527-6090,https://openalex.org/W4393903040,Warming temperatures exacerbate effects of microplastics in a widespread zooplankton species.,Warming temperatures exacerbate effects of microplastics in a widespread zooplankton species.,2024-04-03,2024,article,https://doi.org/10.1016/j.envpol.2024.123918,18,TRUE,hybrid,UBC,NA,University of British Columbia
Natasha Klasios,https://openalex.org/A5008097376,Natasha Klasios,https://orcid.org/0000-0002-7527-6090,https://openalex.org/W4360992384,Microplastics in subsurface water and zooplankton from eight lakes in British Columbia,Microplastics in subsurface water and zooplankton from eight lakes in British Columbia,2023-03-27,2023,article,https://doi.org/10.1139/cjfas-2022-0293,13,FALSE,closed,UBC,NA,University of British Columbia
Natasha Klasios,https://openalex.org/A5008097376,Natasha Klasios,https://orcid.org/0000-0002-7527-6090,https://openalex.org/W4389140566,No Effect of Realistic Concentrations of Polyester Microplastic Fibers on Freshwater Zooplankton Communities,No Effect of Realistic Concentrations of Polyester Microplastic Fibers on Freshwater Zooplankton Communities,2023-11-29,2023,article,https://doi.org/10.1002/etc.5797,11,TRUE,bronze,UBC,NA,University of British Columbia
Anna Lippold,https://openalex.org/A5051990764,Anna Lippold,https://orcid.org/0000-0003-3842-686X,https://openalex.org/W7125517889,Brain concentrations of flame retardants and trace elements related to habitat use and brain measures in an urban-adapted gull,Brain concentrations of flame retardants and trace elements related to habitat use and brain measures in an urban-adapted gull,2026-01-23,2026,article,https://doi.org/10.1016/j.envpol.2026.127726,0,TRUE,hybrid,McGill,PhD,McGill University
Jenna Loesberg,https://openalex.org/A5088890603,Jenna A. Loesberg,https://orcid.org/0000-0002-0763-4079,https://openalex.org/W3185264578,Granivory in California sage scrub: implications for common plant invaders and ecosystem conservation,Granivory in California sage scrub: implications for common plant invaders and ecosystem conservation,2021-07-28,2021,article,https://doi.org/10.1007/s11258-021-01163-z,4,FALSE,closed,UBC,PhD,University of British Columbia
Jenna Loesberg,https://openalex.org/A5088890603,Jenna A. Loesberg,https://orcid.org/0000-0002-0763-4079,https://openalex.org/W4417114528,Seasonal climate drives population growth but not costs of reproduction of a perennial wildflower,Seasonal climate drives population growth but not costs of reproduction of a perennial wildflower,2025-12-01,2025,article,https://doi.org/10.1002/ecy.70240,1,TRUE,green,UBC,PhD,University of British Columbia
Valentin Lucet,https://openalex.org/A5020305115,Valentin Lucet,https://orcid.org/0000-0003-0268-818X,https://openalex.org/W4297899836,Integrating land use and climate change models with stakeholder priorities to evaluate habitat connectivity change: a case study in southern Québec,Integrating land use and climate change models with stakeholder priorities to evaluate habitat connectivity change: a case study in southern Québec,2022-09-14,2022,article,https://doi.org/10.1007/s10980-022-01516-7,15,FALSE,closed,McGill,NA,McGill University
Mia Marcellus,https://openalex.org/A5092356803,Mia Marcellus,https://orcid.org/0000-0001-9600-8223,https://openalex.org/W4400660627,Evolutionary history and root trait coordination predict nutrient strategy in tropical legume trees,Evolutionary history and root trait coordination predict nutrient strategy in tropical legume trees,2024-07-15,2024,article,https://doi.org/10.1111/nph.19962,10,TRUE,hybrid,McGill,NA,McGill University
Kirsten Palmier,https://openalex.org/A5071670855,Kirsten Palmier,https://orcid.org/0000-0001-9984-6468,https://openalex.org/W3041564817,First record of &lt;i&gt;Crithidia expoeki&lt;/i&gt; (Trypanosomatida: Trypanosomatidae) from native Canadian bumble bees (Hymenoptera: Apidae: &lt;i&gt;Bombus&lt;/i&gt;),First record of &lt;i&gt;Crithidia expoeki&lt;/i&gt; (Trypanosomatida: Trypanosomatidae) from native Canadian bumble bees (Hymenoptera: Apidae: &lt;i&gt;Bombus&lt;/i&gt;),2020-07-08,2020,article,https://doi.org/10.22621/cfn.v134i1.2299,2,TRUE,hybrid,Regina,MSc,University of Regina
Christina Petalas,https://openalex.org/A5059970534,Christina Petalas,NA,https://openalex.org/W3122670236,Foraging niche partitioning in sympatric seabird populations,Foraging niche partitioning in sympatric seabird populations,2021-01-28,2021,article,https://doi.org/10.1038/s41598-021-81583-z,42,TRUE,gold,McGill,NA,McGill University
Christina Petalas,https://openalex.org/A5059970534,Christina Petalas,NA,https://openalex.org/W4393186820,Multidimensional niche differentiation of chick-rearing sympatric auks in the Gulf of St. Lawrence,Multidimensional niche differentiation of chick-rearing sympatric auks in the Gulf of St. Lawrence,2024-03-26,2024,article,https://doi.org/10.1007/s00227-024-04422-5,2,FALSE,closed,McGill,NA,McGill University
Christina Petalas,https://openalex.org/A5059970534,Christina Petalas,NA,https://openalex.org/W4406960314,"Coastal foraging increases mercury concentrations in a breeding seabird: Insights from isotopes, biologging, and prey","Coastal foraging increases mercury concentrations in a breeding seabird: Insights from isotopes, biologging, and prey",2025-01-30,2025,article,https://doi.org/10.1016/j.scitotenv.2025.178660,1,TRUE,hybrid,McGill,NA,McGill University
Christina Petalas,https://openalex.org/A5059970534,Christina Petalas,NA,https://openalex.org/W4400846654,Host–parasite contact and sensitivity to parasitism predict clutch abandonment in cowbird hosts,Host–parasite contact and sensitivity to parasitism predict clutch abandonment in cowbird hosts,2024-07-20,2024,article,https://doi.org/10.1016/j.anbehav.2024.06.021,0,TRUE,hybrid,McGill,NA,McGill University
Jessica Reemeyer,https://openalex.org/A5018785086,Jessica E. Reemeyer,https://orcid.org/0000-0002-0081-2573,https://openalex.org/W4403513910,Seasonal variation in thermal tolerance and hypoxia tolerance of a threatened minnow and a non-imperilled congener: a cautionary tale for surrogate species in conservation,Seasonal variation in thermal tolerance and hypoxia tolerance of a threatened minnow and a non-imperilled congener: a cautionary tale for surrogate species in conservation,2024-01-01,2024,article,https://doi.org/10.1093/conphys/coae071,8,TRUE,gold,McGill,PhD,McGill University
Jessica Reemeyer,https://openalex.org/A5018785086,Jessica E. Reemeyer,https://orcid.org/0000-0002-0081-2573,https://openalex.org/W4400364767,Effects of acute hypoxia exposure and acclimation on the thermal tolerance of an imperiled Canadian minnow,Effects of acute hypoxia exposure and acclimation on the thermal tolerance of an imperiled Canadian minnow,2024-07-05,2024,article,https://doi.org/10.1002/jez.2847,4,TRUE,hybrid,McGill,PhD,McGill University
Jawad Sakarchi,https://openalex.org/A5071804022,Jawad Sakarchi,https://orcid.org/0000-0002-3055-8473,https://openalex.org/W4291806975,The Evolution of Competitive Ability,The Evolution of Competitive Ability,2022-08-15,2022,article,https://doi.org/10.1086/722234,20,FALSE,closed,UBC,PhD,University of British Columbia
Jawad Sakarchi,https://openalex.org/A5071804022,Jawad Sakarchi,https://orcid.org/0000-0002-3055-8473,https://openalex.org/W4403325307,MacArthur’s Consumer-Resource Model: A Rosetta Stone for Competitive Interactions,MacArthur’s Consumer-Resource Model: A Rosetta Stone for Competitive Interactions,2024-10-11,2024,article,https://doi.org/10.1086/733516,4,FALSE,closed,UBC,PhD,University of British Columbia
Yue Yu,https://openalex.org/A5101622749,Yue Yu,https://orcid.org/0000-0002-5167-8140,https://openalex.org/W7117672365,Update on Sharing and Reporting Benefits From Biodiversity Research,Update on Sharing and Reporting Benefits From Biodiversity Research,2025-12-31,2025,article,https://doi.org/10.1111/mec.70227,1,TRUE,bronze,UBC,MSc,University of British Columbia
Zohra Zahir,https://openalex.org/A5087706400,Z. A. Zahir,https://orcid.org/0000-0001-5278-1257,https://openalex.org/W4406883004,Sulfate and Dissolved Organic Carbon Concentrations Drive Distinct Microbial Community Patterns in Prairie Wetland Ponds,Sulfate and Dissolved Organic Carbon Concentrations Drive Distinct Microbial Community Patterns in Prairie Wetland Ponds,2025-01-27,2025,article,https://doi.org/10.1111/1758-2229.70069,3,TRUE,hybrid,Regina,PhD,University of Regina
Zohra Zahir,https://openalex.org/A5087706400,Z. A. Zahir,https://orcid.org/0000-0001-5278-1257,https://openalex.org/W7126053240,Paying resilience forward,Paying resilience forward,2026-01-29,2026,article,https://doi.org/10.1126/science.adz3638,0,FALSE,closed,Regina,PhD,University of Regina
Brendan Bishop,https://openalex.org/A5070712618,Brendan Bishop,https://orcid.org/0000-0003-1433-5568,https://openalex.org/W4394581986,Rare Earth Element Adsorption to Clay Minerals: Mechanistic Insights and Implications for Recovery from Secondary Sources,Rare Earth Element Adsorption to Clay Minerals: Mechanistic Insights and Implications for Recovery from Secondary Sources,2024-04-08,2024,article,https://doi.org/10.1021/acs.est.4c00974,33,TRUE,green,Regina,NA,University of Regina
Brendan Bishop,https://openalex.org/A5070712618,Brendan Bishop,https://orcid.org/0000-0003-1433-5568,https://openalex.org/W4319778193,Insights into the rare earth element potential of coal combustion by-products from western Canada,Insights into the rare earth element potential of coal combustion by-products from western Canada,2023-01-01,2023,article,https://doi.org/10.1039/d2va00310d,19,TRUE,diamond,Regina,NA,University of Regina
Brendan Bishop,https://openalex.org/A5070712618,Brendan Bishop,https://orcid.org/0000-0003-1433-5568,https://openalex.org/W4390664395,Using machine learning to identify indicators of rare earth element enrichment in sedimentary strata with applications for metal prospectivity,Using machine learning to identify indicators of rare earth element enrichment in sedimentary strata with applications for metal prospectivity,2024-01-08,2024,article,https://doi.org/10.1016/j.gexplo.2024.107388,19,FALSE,closed,Regina,NA,University of Regina
Brendan Bishop,https://openalex.org/A5070712618,Brendan Bishop,https://orcid.org/0000-0003-1433-5568,https://openalex.org/W4401134579,Rare Earth Element Speciation in Coal and Coal Combustion Byproducts: A XANES and EXAFS Study,Rare Earth Element Speciation in Coal and Coal Combustion Byproducts: A XANES and EXAFS Study,2024-07-30,2024,article,https://doi.org/10.1021/acs.est.4c04256,12,FALSE,closed,Regina,NA,University of Regina
Brendan Bishop,https://openalex.org/A5070712618,Brendan Bishop,https://orcid.org/0000-0003-1433-5568,https://openalex.org/W4412735071,"Overview of Brine-Hosted Lithium Mineral Resources, Distribution, and Genesis in the Western Canada Sedimentary Basin","Overview of Brine-Hosted Lithium Mineral Resources, Distribution, and Genesis in the Western Canada Sedimentary Basin",2025-07-29,2025,article,https://doi.org/10.3749/2400035,1,FALSE,closed,Regina,NA,University of Regina
Brendan Bishop,https://openalex.org/A5070712618,Brendan Bishop,https://orcid.org/0000-0003-1433-5568,https://openalex.org/W4403856734,TOWARDS DEVELOPING AN EXPLORATION MODEL FOR LITHIUM IN SEDIMENTARY BASIN BRINES: IDENTIFICATION OF THE LITHIUM SOURCE,TOWARDS DEVELOPING AN EXPLORATION MODEL FOR LITHIUM IN SEDIMENTARY BASIN BRINES: IDENTIFICATION OF THE LITHIUM SOURCE,2024-01-01,2024,article,https://doi.org/10.1130/abs/2024am-405614,0,FALSE,closed,Regina,NA,University of Regina
Jake Lawlor,https://openalex.org/A5069391659,Jake Lawlor,https://orcid.org/0000-0002-1499-5227,https://openalex.org/W4294044337,Ten simple rules for teaching yourself R,Ten simple rules for teaching yourself R,2022-09-01,2022,article,https://doi.org/10.1371/journal.pcbi.1010372,11,TRUE,gold,McGill,PhD,McGill University
Jake Lawlor,https://openalex.org/A5069391659,Jake Lawlor,https://orcid.org/0000-0002-1499-5227,https://openalex.org/W4409155062,Don't Miss the Forest for the Trees: How Abstracting Nature Can Get Us Closer to Our Goals,Don't Miss the Forest for the Trees: How Abstracting Nature Can Get Us Closer to Our Goals,2025-04-01,2025,article,https://doi.org/10.1111/gcb.70146,0,TRUE,hybrid,McGill,PhD,McGill University
Nicole Lerminiaux,https://openalex.org/A5001649279,Nicole Lerminiaux,https://orcid.org/0000-0001-7914-9198,https://openalex.org/W3016623328,Salmonella Pathogenicity Island 1 (SPI-1): The Evolution and Stabilization of a Core Genomic Type Three Secretion System,Salmonella Pathogenicity Island 1 (SPI-1): The Evolution and Stabilization of a Core Genomic Type Three Secretion System,2020-04-16,2020,article,https://doi.org/10.3390/microorganisms8040576,62,TRUE,gold,Regina,PhD,University of Regina
Nicole Lerminiaux,https://openalex.org/A5001649279,Nicole Lerminiaux,https://orcid.org/0000-0001-7914-9198,https://openalex.org/W4407740177,Lysis of <i>Escherichia coli</i> by colicin Ib contributes to bacterial cross-feeding by releasing active β-galactosidase,Lysis of <i>Escherichia coli</i> by colicin Ib contributes to bacterial cross-feeding by releasing active β-galactosidase,2025-01-01,2025,article,https://doi.org/10.1093/ismejo/wraf032,1,TRUE,gold,Regina,PhD,University of Regina
Nicole Lerminiaux,https://openalex.org/A5001649279,Nicole Lerminiaux,https://orcid.org/0000-0001-7914-9198,https://openalex.org/W4409360439,"Moonlight, but not cloud cover, predicts the vocal activity of Common Poorwills (<i>Phalaenoptilus nuttallii</i>)","Moonlight, but not cloud cover, predicts the vocal activity of Common Poorwills (<i>Phalaenoptilus nuttallii</i>)",2025-01-01,2025,article,https://doi.org/10.1139/cjz-2024-0137,0,TRUE,hybrid,Regina,PhD,University of Regina
Pierre Rogy,https://openalex.org/A5018025938,Pierre Rogy,https://orcid.org/0000-0002-3002-0059,https://openalex.org/W3007723737,Bromeliads affect the interactions and composition of invertebrates on their support tree,Bromeliads affect the interactions and composition of invertebrates on their support tree,2020-02-18,2020,article,https://doi.org/10.1007/s00442-020-04616-w,3,FALSE,closed,UBC,PhD,University of British Columbia
Pierre Rogy,https://openalex.org/A5018025938,Pierre Rogy,https://orcid.org/0000-0002-3002-0059,https://openalex.org/W4365460452,Bromeliads compete with microorganisms for nutrients in their phytotelm,Bromeliads compete with microorganisms for nutrients in their phytotelm,2023-04-07,2023,article,https://doi.org/10.1016/j.aquabot.2023.103653,3,FALSE,closed,UBC,PhD,University of British Columbia
Pierre Rogy,https://openalex.org/A5018025938,Pierre Rogy,https://orcid.org/0000-0002-3002-0059,https://openalex.org/W3094042624,"Long-term surveys of age structure in 13 ungulate and one ostrich species in the Serengeti, 1926–2018","Long-term surveys of age structure in 13 ungulate and one ostrich species in the Serengeti, 1926–2018",2020-10-21,2020,article,https://doi.org/10.1038/s41597-020-00701-0,1,TRUE,gold,UBC,PhD,University of British Columbia
Pierre Rogy,https://openalex.org/A5018025938,Pierre Rogy,https://orcid.org/0000-0002-3002-0059,https://openalex.org/W4318617923,Bromeliads Compete with Microorganisms for Nutrients in Their Phytotelm,Bromeliads Compete with Microorganisms for Nutrients in Their Phytotelm,2023-01-01,2023,article,https://doi.org/10.2139/ssrn.4330795,0,TRUE,green,UBC,PhD,University of British Columbia
Pierre Rogy,https://openalex.org/A5018025938,Pierre Rogy,https://orcid.org/0000-0002-3002-0059,https://openalex.org/W4394783961,Terrestrial subsidies and light affect an aquatic micro‐ecosystem in unexpected ways,Terrestrial subsidies and light affect an aquatic micro‐ecosystem in unexpected ways,2024-04-13,2024,article,https://doi.org/10.1111/fwb.14252,0,TRUE,hybrid,UBC,PhD,University of British Columbia
Pierre Rogy,https://openalex.org/A5018025938,Pierre Rogy,https://orcid.org/0000-0002-3002-0059,https://openalex.org/W4415786672,Inconsistent effects of P enrichment and predator presence on food‐web dynamics in a bromeliad system,Inconsistent effects of P enrichment and predator presence on food‐web dynamics in a bromeliad system,2025-11-03,2025,article,https://doi.org/10.1002/oik.11776,0,TRUE,hybrid,UBC,PhD,University of British Columbia
Siobhan Schenk,https://openalex.org/A5057510614,Siobhan Schenk,https://orcid.org/0000-0003-0572-9303,https://openalex.org/W4410832066,"Abiotic stress destabilizes the bacterial community of sugar kelp, <i>Saccharina latissima</i> (Phaeophyceae)","Abiotic stress destabilizes the bacterial community of sugar kelp, <i>Saccharina latissima</i> (Phaeophyceae)",2025-05-28,2025,article,https://doi.org/10.1111/jpy.70033,2,TRUE,hybrid,UBC,PhD,University of British Columbia
Siobhan Schenk,https://openalex.org/A5057510614,Siobhan Schenk,https://orcid.org/0000-0003-0572-9303,https://openalex.org/W4322616975,"Long‐term supratidal rockpool invertebrate community, <scp>Discovery Bay, Jamaica</scp>","Long‐term supratidal rockpool invertebrate community, <scp>Discovery Bay, Jamaica</scp>",2023-02-28,2023,article,https://doi.org/10.1002/ecy.4013,2,TRUE,hybrid,UBC,PhD,University of British Columbia
Siobhan Schenk,https://openalex.org/A5057510614,Siobhan Schenk,https://orcid.org/0000-0003-0572-9303,https://openalex.org/W4407250988,Monthly macroalgal surveys reveal a diverse and dynamic community in an urban intertidal zone,Monthly macroalgal surveys reveal a diverse and dynamic community in an urban intertidal zone,2025-01-01,2025,article,https://doi.org/10.1139/cjb-2024-0109,1,FALSE,closed,UBC,PhD,University of British Columbia
Siobhan Schenk,https://openalex.org/A5057510614,Siobhan Schenk,https://orcid.org/0000-0003-0572-9303,https://openalex.org/W4411621573,Novel pink-spot disease in North American kelp nurseries,Novel pink-spot disease in North American kelp nurseries,2025-06-25,2025,article,https://doi.org/10.1007/s10811-025-03552-7,0,FALSE,closed,UBC,PhD,University of British Columbia
Matthew Tsuruda,https://openalex.org/A5043095051,Matthew Tsuruda,https://orcid.org/0000-0001-7931-9927,https://openalex.org/W4296164376,"Aromatic border plants in early season berries do not increase parasitism of spotted wing drosophila, <i>Drosophila suzukii</i>","Aromatic border plants in early season berries do not increase parasitism of spotted wing drosophila, <i>Drosophila suzukii</i>",2022-09-16,2022,article,https://doi.org/10.1002/ps.7182,4,FALSE,closed,UBC,NA,University of British Columbia
Matthew Tsuruda,https://openalex.org/A5043095051,Matthew Tsuruda,https://orcid.org/0000-0001-7931-9927,https://openalex.org/W4403767172,Short‐Term Grasslands in Agriculture Support Both Natural Enemy and Phytophagous Arthropod Populations,Short‐Term Grasslands in Agriculture Support Both Natural Enemy and Phytophagous Arthropod Populations,2024-10-25,2024,article,https://doi.org/10.1111/jen.13364,1,TRUE,hybrid,UBC,NA,University of British Columbia
Kristen Bill,https://openalex.org/A5069754029,Kristen Bill,NA,https://openalex.org/W4381739803,Post-fire Recovery of Soil Organic Layer Carbon in Canadian Boreal Forests,Post-fire Recovery of Soil Organic Layer Carbon in Canadian Boreal Forests,2023-06-22,2023,article,https://doi.org/10.1007/s10021-023-00854-0,9,FALSE,closed,WLU,PhD,Wilfrid Laurier University
Kate Colson,https://openalex.org/A5114903325,Kate M. Colson,https://orcid.org/0000-0002-7082-4668,https://openalex.org/W4404872509,Using accelerometry tags to quantify gray whale foraging behavior,Using accelerometry tags to quantify gray whale foraging behavior,2024-11-29,2024,article,https://doi.org/10.1111/mms.13210,3,TRUE,hybrid,UBC,NA,University of British Columbia
Leah D'Aloisio,https://openalex.org/A5043186321,L D D'Aloisio,NA,https://openalex.org/W4323350623,A273 INCREASING THE REPRESENTATION OF INDIANS IN MICROBIOME RESEARCH: HOW DOES THEIR GUT MICROBIOME DIFFER?,A273 INCREASING THE REPRESENTATION OF INDIANS IN MICROBIOME RESEARCH: HOW DOES THEIR GUT MICROBIOME DIFFER?,2023-03-01,2023,article,https://doi.org/10.1093/jcag/gwac036.273,0,TRUE,gold,UBCO,MSc,University of British Columbia
Leah D'Aloisio,https://openalex.org/A5043186321,L D D'Aloisio,NA,https://openalex.org/W4391873379,A185 A GUT MICROBIOME TRANSITION: THE JOURNEY FROM INDIA TO CANADA,A185 A GUT MICROBIOME TRANSITION: THE JOURNEY FROM INDIA TO CANADA,2024-02-14,2024,article,https://doi.org/10.1093/jcag/gwad061.185,0,TRUE,gold,UBCO,MSc,University of British Columbia
Isaac Eckert,https://openalex.org/A5049937600,Isaac Eckert,https://orcid.org/0000-0002-4384-5041,https://openalex.org/W4388409540,30×30 biodiversity gains rely on national coordination,30×30 biodiversity gains rely on national coordination,2023-11-06,2023,article,https://doi.org/10.1038/s41467-023-42737-x,57,TRUE,gold,McGill,PhD,McGill University
Isaac Eckert,https://openalex.org/A5049937600,Isaac Eckert,https://orcid.org/0000-0002-4384-5041,https://openalex.org/W4402088577,Herbarium collections remain essential in the age of community science,Herbarium collections remain essential in the age of community science,2024-08-31,2024,article,https://doi.org/10.1038/s41467-024-51899-1,38,TRUE,gold,McGill,PhD,McGill University
Isaac Eckert,https://openalex.org/A5049937600,Isaac Eckert,https://orcid.org/0000-0002-4384-5041,https://openalex.org/W3208198167,A single range‐expanding species reshapes alpine ecosystems and their belowground diversity,A single range‐expanding species reshapes alpine ecosystems and their belowground diversity,2023-10-10,2023,article,https://doi.org/10.1111/oik.10114,5,TRUE,hybrid,McGill,PhD,McGill University
Isaac Eckert,https://openalex.org/A5049937600,Isaac Eckert,https://orcid.org/0000-0002-4384-5041,https://openalex.org/W4411686503,Comparing the ability of natural history collections and community science observations to estimate plant niches,Comparing the ability of natural history collections and community science observations to estimate plant niches,2025-01-01,2025,article,https://doi.org/10.1139/cjb-2025-0010,0,FALSE,closed,McGill,PhD,McGill University
Isaac Eckert,https://openalex.org/A5049937600,Isaac Eckert,https://orcid.org/0000-0002-4384-5041,https://openalex.org/W7123352686,Species Loss Scenarios Identify Canada's Northern Ecosystems as Disproportionately Vulnerable,Species Loss Scenarios Identify Canada's Northern Ecosystems as Disproportionately Vulnerable,2026-01-01,2026,article,https://doi.org/10.1111/jbi.70139,0,TRUE,hybrid,McGill,PhD,McGill University
Sophia Fan,https://openalex.org/A5082868834,Sophia Fan,https://orcid.org/0000-0002-4415-4664,https://openalex.org/W4283691782,"Placobdella akahkway n. sp. (Clitellata: Hirudinea: Glossiphoniidae), a new leech species from central Canada","Placobdella akahkway n. sp. (Clitellata: Hirudinea: Glossiphoniidae), a new leech species from central Canada",2022-06-29,2022,article,https://doi.org/10.11646/zootaxa.5159.2.5,4,TRUE,gold,UBC,MSc,University of British Columbia
Jory Griffith,https://openalex.org/A5005237760,Jory Griffith,https://orcid.org/0000-0001-6020-6690,https://openalex.org/W3212414901,Seasonal and temporal variation in the effects of forest thinning on headwater stream benthic organisms in coastal British Columbia,Seasonal and temporal variation in the effects of forest thinning on headwater stream benthic organisms in coastal British Columbia,2021-11-10,2021,article,https://doi.org/10.1016/j.foreco.2021.119801,13,TRUE,bronze,McGill,MSc,McGill University
Jory Griffith,https://openalex.org/A5005237760,Jory Griffith,https://orcid.org/0000-0001-6020-6690,https://openalex.org/W4399248547,Harnessing open science practices to teach ecology and evolutionary biology using interactive tutorials,Harnessing open science practices to teach ecology and evolutionary biology using interactive tutorials,2024-05-30,2024,article,https://doi.org/10.1002/ece3.11179,1,TRUE,gold,McGill,MSc,McGill University
Jacqueline Huard,https://openalex.org/A5004227396,Jacqueline R. Huard,https://orcid.org/0000-0003-4509-9422,https://openalex.org/W4281254065,"Intertidal beach habitat suitability model for Pacific sand lance (<i>Ammodytes personatus</i>) in the Salish Sea, Canada","Intertidal beach habitat suitability model for Pacific sand lance (<i>Ammodytes personatus</i>) in the Salish Sea, Canada",2022-05-20,2022,article,https://doi.org/10.1139/cjfas-2021-0335,13,TRUE,hybrid,UBC,NA,University of British Columbia
Jacqueline Huard,https://openalex.org/A5004227396,Jacqueline R. Huard,https://orcid.org/0000-0003-4509-9422,https://openalex.org/W4403895727,Threat assessment for Pacific sand lance (Ammodytes personatus) in the Salish Sea,Threat assessment for Pacific sand lance (Ammodytes personatus) in the Salish Sea,2024-10-30,2024,article,https://doi.org/10.3389/fmars.2024.1445215,5,TRUE,gold,UBC,NA,University of British Columbia
Stefano Mezzini,https://openalex.org/A5056235331,Stefano Mezzini,https://orcid.org/0000-0001-8551-7436,https://openalex.org/W4408659759,How resource abundance and resource stochasticity affect organisms’ range sizes,How resource abundance and resource stochasticity affect organisms’ range sizes,2025-03-20,2025,article,https://doi.org/10.1186/s40462-025-00546-5,2,TRUE,gold,UBCO,MSc,University of British Columbia
Emma Nikkel,https://openalex.org/A5092560096,Emma Nikkel,https://orcid.org/0000-0002-2814-9275,https://openalex.org/W4385343596,Regional habitat suitability for aquatic and terrestrial invasive plant species may expand or contract with climate change,Regional habitat suitability for aquatic and terrestrial invasive plant species may expand or contract with climate change,2023-07-28,2023,article,https://doi.org/10.1007/s10530-023-03139-8,15,TRUE,hybrid,UBC,NA,University of British Columbia
William (Jia-Ang) Ou,https://openalex.org/A5122306428,William Jia-Ang Ou,NA,https://openalex.org/W7119490421,Sink invaders can increase resident metapopulation size by modifying local conditions and regional connectivity,Sink invaders can increase resident metapopulation size by modifying local conditions and regional connectivity,2026-01-08,2026,article,https://doi.org/10.64898/2026.01.07.698263,0,TRUE,gold,UBC,PhD,University of British Columbia
Olivia Rianhard,https://openalex.org/A5117160287,Olivia M. Rianhard,https://orcid.org/0000-0001-6118-0912,https://openalex.org/W4409466968,Ectomycorrhizal fungal community succession and fragmentation across forest edges nearly three decades postharvest,Ectomycorrhizal fungal community succession and fragmentation across forest edges nearly three decades postharvest,2025-04-14,2025,article,https://doi.org/10.1002/ppp3.70008,4,TRUE,gold,UBCO,MSc,University of British Columbia
Sarah Sanderson,https://openalex.org/A5102896123,Sarah Sanderson,https://orcid.org/0000-0003-1525-2326,https://openalex.org/W3157798261,Phenotypic stability in scalar calcium of freshwater fish across a wide range of aqueous calcium availability in nature,Phenotypic stability in scalar calcium of freshwater fish across a wide range of aqueous calcium availability in nature,2021-05-02,2021,article,https://doi.org/10.1002/ece3.7386,8,TRUE,gold,McGill,PhD,McGill University
Sarah Sanderson,https://openalex.org/A5102896123,Sarah Sanderson,https://orcid.org/0000-0003-1525-2326,https://openalex.org/W4366351462,Freshwater fishes maintain multi‐trait phenotypic stability across an environmental gradient in aqueous calcium,Freshwater fishes maintain multi‐trait phenotypic stability across an environmental gradient in aqueous calcium,2023-04-19,2023,article,https://doi.org/10.1111/jfb.15412,3,TRUE,bronze,McGill,PhD,McGill University
Sarah Sanderson,https://openalex.org/A5102896123,Sarah Sanderson,https://orcid.org/0000-0003-1525-2326,https://openalex.org/W4409417286,Inferring bird communities on remote freshwater lakes through time-lapse imagery,Inferring bird communities on remote freshwater lakes through time-lapse imagery,2025-01-01,2025,article,https://doi.org/10.1139/cjz-2024-0084,0,FALSE,closed,McGill,PhD,McGill University
Sarah Sanderson,https://openalex.org/A5102896123,Sarah Sanderson,https://orcid.org/0000-0003-1525-2326,https://openalex.org/W7119123973,Contemporary Evolution of an At‐Risk Stickleback Population During a Severe Drought,Contemporary Evolution of an At‐Risk Stickleback Population During a Severe Drought,2026-01-01,2026,article,https://doi.org/10.1111/eva.70189,0,TRUE,gold,McGill,PhD,McGill University
Zihaohan Sang,https://openalex.org/A5067415487,Zihaohan Sang,https://orcid.org/0000-0003-4149-7271,https://openalex.org/W3210872296,Assisted migration poleward rather than upward in elevation minimizes frost risks in plantations,Assisted migration poleward rather than upward in elevation minimizes frost risks in plantations,2021-01-01,2021,article,https://doi.org/10.1016/j.crm.2021.100380,16,TRUE,gold,Alberta,PhD,University of Alberta
Zihaohan Sang,https://openalex.org/A5067415487,Zihaohan Sang,https://orcid.org/0000-0003-4149-7271,https://openalex.org/W4366597516,A Record-Setting 2021 Heat Wave in Western Canada Had a Significant Temporary Impact on Greenness of the World’s Largest Protected Temperate Rainforest,A Record-Setting 2021 Heat Wave in Western Canada Had a Significant Temporary Impact on Greenness of the World’s Largest Protected Temperate Rainforest,2023-04-19,2023,article,https://doi.org/10.3390/rs15082162,7,TRUE,gold,Alberta,PhD,University of Alberta
Zihaohan Sang,https://openalex.org/A5067415487,Zihaohan Sang,https://orcid.org/0000-0003-4149-7271,https://openalex.org/W4323659108,Adapting reforestation programs to observed and projected climate change,Adapting reforestation programs to observed and projected climate change,2023-02-01,2023,article,https://doi.org/10.1007/s11027-023-10050-z,3,FALSE,closed,Alberta,PhD,University of Alberta
Zihaohan Sang,https://openalex.org/A5067415487,Zihaohan Sang,https://orcid.org/0000-0003-4149-7271,https://openalex.org/W4289522035,Climatic limiting factors of North American ecosystems: a remote-sensing based vulnerability analysis,Climatic limiting factors of North American ecosystems: a remote-sensing based vulnerability analysis,2022-08-02,2022,article,https://doi.org/10.1088/1748-9326/ac8608,7,TRUE,gold,Alberta,PhD,University of Alberta
Janaína Serrano,https://openalex.org/A5078218732,Janaína de Andrade Serrano,https://orcid.org/0000-0003-2182-7288,https://openalex.org/W4285499370,Human impact modulates chytrid fungus occurrence in amphibians in the Brazilian Atlantic Forest,Human impact modulates chytrid fungus occurrence in amphibians in the Brazilian Atlantic Forest,2022-07-01,2022,article,https://doi.org/10.1016/j.pecon.2022.05.002,7,TRUE,diamond,McGill,PhD,McGill University
Janaína Serrano,https://openalex.org/A5078218732,Janaína de Andrade Serrano,https://orcid.org/0000-0003-2182-7288,https://openalex.org/W4413272305,"Traits, Threats, and Popularity Explain Extinction Risk of Birds Globally","Traits, Threats, and Popularity Explain Extinction Risk of Birds Globally",2025-07-01,2025,article,https://doi.org/10.1111/geb.70087,0,TRUE,hybrid,McGill,PhD,McGill University
Ashton Sies,https://openalex.org/A5056349899,Ashton N. Sies,https://orcid.org/0000-0003-2145-7010,https://openalex.org/W4411404136,Discovery and assembly of plasmids in the fish pathogen Tenacibaculum,Discovery and assembly of plasmids in the fish pathogen Tenacibaculum,2025-06-18,2025,article,https://doi.org/10.1016/j.plasmid.2025.102753,0,TRUE,hybrid,Regina,MSc,University of Regina
Garland Xie,https://openalex.org/A5051210193,Garland Xie,https://orcid.org/0000-0002-7125-7386,https://openalex.org/W4298395055,No evidence for environmental filtering of cavity‐nesting solitary bees and wasps by urbanization using trap nests,No evidence for environmental filtering of cavity‐nesting solitary bees and wasps by urbanization using trap nests,2022-10-01,2022,article,https://doi.org/10.1002/ece3.9360,5,TRUE,gold,UofT,PhD,University of Toronto
Garland Xie,https://openalex.org/A5051210193,Garland Xie,https://orcid.org/0000-0002-7125-7386,https://openalex.org/W4297780946,No evidence of environmental filtering of cavity-nesting solitary bees and wasps by urbanization using trap nests,No evidence of environmental filtering of cavity-nesting solitary bees and wasps by urbanization using trap nests,2022-09-04,2022,article,https://doi.org/10.5281/zenodo.7048650,1,TRUE,green,UofT,PhD,University of Toronto
Kennedy Zwarych,https://openalex.org/A5117110557,Kennedy L. Zwarych,NA,https://openalex.org/W4409360423,Long-term biodiversity erosion: limited co-existence of the Eurasian zebra mussel and native mussels in a North American river after 25 years,Long-term biodiversity erosion: limited co-existence of the Eurasian zebra mussel and native mussels in a North American river after 25 years,2025-01-01,2025,article,https://doi.org/10.1139/cjz-2024-0119,1,FALSE,closed,McGill,MSc,McGill University
Alice Assmar,https://openalex.org/A5083095394,ALICE CARVALHO ASSMAR,https://orcid.org/0000-0002-3007-3679,https://openalex.org/W4312270662,"A new species of Sisyra Burmeister, 1839 (Neuroptera: Sisyridae) from Peru, with identification key to the Neotropical species of the genus","A new species of Sisyra Burmeister, 1839 (Neuroptera: Sisyridae) from Peru, with identification key to the Neotropical species of the genus",2022-01-01,2022,article,https://doi.org/10.1590/1806-9665-rbent-2022-0051,3,TRUE,gold,McGill,PhD,McGill University
Alice Assmar,https://openalex.org/A5083095394,ALICE CARVALHO ASSMAR,https://orcid.org/0000-0002-3007-3679,https://openalex.org/W4408012638,A new species and the first description of the female of Fiaponeura Lu et al. (Neuroptera: Psychopsoidea) from Cretaceous Kachin amber,A new species and the first description of the female of Fiaponeura Lu et al. (Neuroptera: Psychopsoidea) from Cretaceous Kachin amber,2025-02-27,2025,article,https://doi.org/10.11646/palaeoentomology.8.1.1,0,TRUE,bronze,McGill,PhD,McGill University
Alice Assmar,https://openalex.org/A5083095394,ALICE CARVALHO ASSMAR,https://orcid.org/0000-0002-3007-3679,https://openalex.org/W7128737361,A novel set of ultraconserved element probes for lacewings and allies (Insecta: Neuropterida),A novel set of ultraconserved element probes for lacewings and allies (Insecta: Neuropterida),2026-01-01,2026,article,https://doi.org/10.1093/isd/ixag004,0,FALSE,closed,McGill,PhD,McGill University
Kephra Beckett,https://openalex.org/A5043871936,Kephra Beckett,NA,https://openalex.org/W4286675749,Hyperabundant black-tailed deer impact endangered Garry oak ecosystem floral and bumblebee communities,Hyperabundant black-tailed deer impact endangered Garry oak ecosystem floral and bumblebee communities,2022-07-20,2022,article,https://doi.org/10.1016/j.gecco.2022.e02237,11,TRUE,gold,UBC,NA,University of British Columbia
Jessica Kowalski,https://openalex.org/A5054074389,Jessica J. Kowalski,https://orcid.org/0000-0002-4683-978X,https://openalex.org/W4414111771,Experimentally enhancing dispersal reveals the outsized importance of transient dynamics in a fluctuating environment,Experimentally enhancing dispersal reveals the outsized importance of transient dynamics in a fluctuating environment,2025-09-10,2025,article,https://doi.org/10.1073/pnas.2422454122,0,TRUE,hybrid,UBC,NA,University of British Columbia
Elsa Mardiné,https://openalex.org/A5007702329,Elsa Mardiné,NA,https://openalex.org/W3215578447,Size matters: Antagonistic effects of body size on courtship and digging in a wolf spider with non-traditional sex roles,Size matters: Antagonistic effects of body size on courtship and digging in a wolf spider with non-traditional sex roles,2021-11-22,2021,article,https://doi.org/10.1016/j.beproc.2021.104547,2,FALSE,closed,McGill,PhD,McGill University
Elena Schaefer,https://openalex.org/A5048270129,Elena A. Schaefer,https://orcid.org/0000-0002-1510-9733,https://openalex.org/W4401433901,Variation of root functional traits indicates flexible below‐ground economic strategies of the riparian tree species <i>Populus fremontii</i>,Variation of root functional traits indicates flexible below‐ground economic strategies of the riparian tree species <i>Populus fremontii</i>,2024-08-07,2024,article,https://doi.org/10.1111/1365-2435.14628,4,TRUE,hybrid,Alberta,MSc,University of Alberta
Marc-Olivier Beausoleil,https://openalex.org/A5018514673,Marc‐Olivier Beausoleil,https://orcid.org/0000-0003-3717-3223,https://openalex.org/W4386466865,The fitness landscape of a community of Darwin’s finches,The fitness landscape of a community of Darwin’s finches,2023-09-06,2023,article,https://doi.org/10.1093/evolut/qpad160,18,TRUE,hybrid,McGill,PhD,McGill University
Marc-Olivier Beausoleil,https://openalex.org/A5018514673,Marc‐Olivier Beausoleil,https://orcid.org/0000-0003-3717-3223,https://openalex.org/W4224659714,Where did the finch go? Insights from radio telemetry of the medium ground finch (<i>Geospiza fortis</i>),Where did the finch go? Insights from radio telemetry of the medium ground finch (<i>Geospiza fortis</i>),2022-04-01,2022,article,https://doi.org/10.1002/ece3.8768,2,TRUE,gold,McGill,PhD,McGill University
Emily Black,https://openalex.org/A5025566789,Emily N. Black,https://orcid.org/0000-0001-7090-8290,https://openalex.org/W4384161835,Crowd-sourced observations of a polyphagous moth reveal evidence of allochronic speciation varying along a latitudinal gradient,Crowd-sourced observations of a polyphagous moth reveal evidence of allochronic speciation varying along a latitudinal gradient,2023-07-13,2023,article,https://doi.org/10.1371/journal.pone.0288415,3,TRUE,gold,UBC,MSc,University of British Columbia
Ryan Gill,https://openalex.org/A5057138032,Ryan Gill,https://orcid.org/0000-0001-7274-8235,https://openalex.org/W4387895246,Movement ecology of endangered caribou during a <scp>COVID</scp>‐19 mediated pause in winter recreation,Movement ecology of endangered caribou during a <scp>COVID</scp>‐19 mediated pause in winter recreation,2023-10-23,2023,article,https://doi.org/10.1111/acv.12912,9,TRUE,hybrid,UBCO,MSc,University of British Columbia
Ryan Gill,https://openalex.org/A5057138032,Ryan Gill,https://orcid.org/0000-0001-7274-8235,https://openalex.org/W4402067553,Movement ecology of endangered caribou during a <scp>COVID</scp>‐19 mediated pause in winter recreation – response to Wilson (2024),Movement ecology of endangered caribou during a <scp>COVID</scp>‐19 mediated pause in winter recreation – response to Wilson (2024),2024-08-01,2024,article,https://doi.org/10.1111/acv.12981,1,TRUE,bronze,UBCO,MSc,University of British Columbia
Ryan Gill,https://openalex.org/A5057138032,Ryan Gill,https://orcid.org/0000-0001-7274-8235,https://openalex.org/W4410480586,Mapping interactions between winter recreationists and an endangered ungulate,Mapping interactions between winter recreationists and an endangered ungulate,2025-05-19,2025,article,https://doi.org/10.1002/jwmg.70042,0,TRUE,hybrid,UBCO,MSc,University of British Columbia
Lauren Gill,https://openalex.org/A5090193112,Lauren T. Gill,https://orcid.org/0000-0001-7164-3298,https://openalex.org/W4313454409,"Proteostasis in ice: the role of heat shock proteins and ubiquitin in the freeze tolerance of the intertidal mussel, Mytilus trossulus","Proteostasis in ice: the role of heat shock proteins and ubiquitin in the freeze tolerance of the intertidal mussel, Mytilus trossulus",2023-01-02,2023,article,https://doi.org/10.1007/s00360-022-01473-2,10,FALSE,closed,UBC,MSc,University of British Columbia
Lauren Gill,https://openalex.org/A5090193112,Lauren T. Gill,https://orcid.org/0000-0001-7164-3298,https://openalex.org/W4406274889,"The cold tolerance of the terrestrial slug, Ambigolimax valentianus","The cold tolerance of the terrestrial slug, Ambigolimax valentianus",2025-01-11,2025,article,https://doi.org/10.1007/s00359-025-01730-z,1,FALSE,closed,UBC,MSc,University of British Columbia
Nathalie Jreidini,https://openalex.org/A5034998893,Nathalie Jreidini,https://orcid.org/0000-0002-2605-3050,https://openalex.org/W4298396033,Dispersal without drivers: Intrinsic and extrinsic variables have no impact on movement distances in a terrestrial amphibian,Dispersal without drivers: Intrinsic and extrinsic variables have no impact on movement distances in a terrestrial amphibian,2022-10-01,2022,article,https://doi.org/10.1002/ece3.9368,8,TRUE,gold,McGill,PhD,McGill University
Nathalie Jreidini,https://openalex.org/A5034998893,Nathalie Jreidini,https://orcid.org/0000-0002-2605-3050,https://openalex.org/W4294739358,Artificial Displacement Alters Movement Behavior of a Terrestrial Amphibian,Artificial Displacement Alters Movement Behavior of a Terrestrial Amphibian,2022-09-06,2022,article,https://doi.org/10.1655/herpetologica-d-21-00031,6,FALSE,closed,McGill,PhD,McGill University
Faraz Khan,https://openalex.org/A5110609553,Faraz Khan,https://orcid.org/0000-0001-5137-6292,https://openalex.org/W7129382197,"Humic, terrestrially derived dissolved organic matter is associated with higher methylmercury concentrations in prairie wetland ponds","Humic, terrestrially derived dissolved organic matter is associated with higher methylmercury concentrations in prairie wetland ponds",2026-01-01,2026,article,https://doi.org/10.1139/facets-2024-0235,0,TRUE,gold,Regina,MSc,University of Regina
Rory Macklin,https://openalex.org/A5074846632,Rory Donald John Macklin,https://orcid.org/0000-0001-7808-8397,https://openalex.org/W4415646474,"Unifying species distributions, community science and the ‘natural removal experiment' to explore species interactions at broad geographic scales","Unifying species distributions, community science and the ‘natural removal experiment' to explore species interactions at broad geographic scales",2025-09-01,2025,article,https://doi.org/10.1002/jav.03434,0,TRUE,gold,UBC,MSc,University of British Columbia
Emma Menchions,https://openalex.org/A5018170854,Emma Menchions,https://orcid.org/0000-0003-2635-7043,https://openalex.org/W4414440304,Using rare mosses to resolve barriers in the use of species distribution models for climate change vulnerability assessments,Using rare mosses to resolve barriers in the use of species distribution models for climate change vulnerability assessments,2025-09-23,2025,article,https://doi.org/10.1111/csp2.70153,0,TRUE,gold,UBC,MSc,University of British Columbia
Nicola Rammell,https://openalex.org/A5029478136,Nicola Rammell,https://orcid.org/0000-0002-3536-298X,https://openalex.org/W3196048891,Effects of spawning Pacific salmon on terrestrial invertebrates: Insects near spawning habitat are isotopically enriched with nitrogen‐15 but display no differences in body size,Effects of spawning Pacific salmon on terrestrial invertebrates: Insects near spawning habitat are isotopically enriched with nitrogen‐15 but display no differences in body size,2021-08-24,2021,article,https://doi.org/10.1002/ece3.8017,8,TRUE,gold,UBC,NA,University of British Columbia
Noemie Sheppard,https://openalex.org/A5068872988,Noemie L. M. Sheppard,https://orcid.org/0000-0001-9081-8022,https://openalex.org/W4387036190,"Influence of reproductive state and temperature on the functional response of the marbled crayfish, Procambarus virginalis","Influence of reproductive state and temperature on the functional response of the marbled crayfish, Procambarus virginalis",2023-09-27,2023,article,https://doi.org/10.1007/s10530-023-03166-5,6,FALSE,closed,McGill,MSc,McGill University
Noemie Sheppard,https://openalex.org/A5068872988,Noemie L. M. Sheppard,https://orcid.org/0000-0001-9081-8022,https://openalex.org/W4409730968,"Influence of warming on the functional responses of invasive omnivores, <i>Procambarus</i> crayfishes","Influence of warming on the functional responses of invasive omnivores, <i>Procambarus</i> crayfishes",2025-01-01,2025,article,https://doi.org/10.1139/cjfas-2024-0334,0,FALSE,closed,McGill,MSc,McGill University
Laura Super,https://openalex.org/A5038387162,Laura Super,https://orcid.org/0000-0002-5259-8708,https://openalex.org/W3107566294,"Fostering equity, diversity, and inclusion in large, first‐year classes: Using reflective practice questions to promote universal design for learning in ecology and evolution lessons","Fostering equity, diversity, and inclusion in large, first‐year classes: Using reflective practice questions to promote universal design for learning in ecology and evolution lessons",2020-11-24,2020,article,https://doi.org/10.1002/ece3.6960,18,TRUE,gold,UBC,PhD,University of British Columbia
Laura Super,https://openalex.org/A5038387162,Laura Super,https://orcid.org/0000-0002-5259-8708,https://openalex.org/W4394583020,Experimental warming and nitrogen deposition in clear‐cuts and forest edges: Assessing impacts on plant communities and tree seedling performance,Experimental warming and nitrogen deposition in clear‐cuts and forest edges: Assessing impacts on plant communities and tree seedling performance,2024-03-01,2024,article,https://doi.org/10.1111/jvs.13251,1,TRUE,hybrid,UBC,PhD,University of British Columbia
Laura Super,https://openalex.org/A5038387162,Laura Super,https://orcid.org/0000-0002-5259-8708,https://openalex.org/W4387907471,Root Fragment Amendments Increase Nematode Density and Mycobiome Stochasticity in Douglas-Fir Seedlings,Root Fragment Amendments Increase Nematode Density and Mycobiome Stochasticity in Douglas-Fir Seedlings,2023-10-24,2023,article,https://doi.org/10.3390/f14112120,0,TRUE,gold,UBC,PhD,University of British Columbia
Laura Super,https://openalex.org/A5038387162,Laura Super,https://orcid.org/0000-0002-5259-8708,https://openalex.org/W4412139001,Exploring scientific complexity with authenticity and inclusion: New curricula and assessment materials for phytobiome STEAM kits,Exploring scientific complexity with authenticity and inclusion: New curricula and assessment materials for phytobiome STEAM kits,2025-07-09,2025,article,https://doi.org/10.1002/nse2.70022,0,TRUE,hybrid,UBC,PhD,University of British Columbia
Fred Tremblay,https://openalex.org/A5037845939,Fred Tremblay,NA,https://openalex.org/W4206274833,Resting costs too: the relative importance of active and resting energy expenditure in a sub-arctic seabird,Resting costs too: the relative importance of active and resting energy expenditure in a sub-arctic seabird,2022-01-12,2022,article,https://doi.org/10.1242/jeb.243548,15,TRUE,hybrid,McGill,NA,McGill University
Fred Tremblay,https://openalex.org/A5037845939,Fred Tremblay,NA,https://openalex.org/W4402849670,"Time-energy budgets outperform dynamic body acceleration in predicting daily energy expenditure in kittiwakes, and estimate a very low cost of gliding flight relative to flapping flight","Time-energy budgets outperform dynamic body acceleration in predicting daily energy expenditure in kittiwakes, and estimate a very low cost of gliding flight relative to flapping flight",2024-09-25,2024,article,https://doi.org/10.1242/jeb.247176,2,TRUE,hybrid,McGill,NA,McGill University
Fred Tremblay,https://openalex.org/A5037845939,Fred Tremblay,NA,https://openalex.org/W4410475706,Dealing with the heat: Assessing heat stress in an Arctic seabird using 3D-printed thermal models,Dealing with the heat: Assessing heat stress in an Arctic seabird using 3D-printed thermal models,2025-05-18,2025,article,https://doi.org/10.1016/j.cbpa.2025.111880,0,TRUE,hybrid,McGill,NA,McGill University
Hafsa Ahmed,https://openalex.org/A5081223548,Hafsa Ahmed,NA,https://openalex.org/W3212131395,The Biology of Canadian Weeds. 159. <i>Capsella bursa-pastoris</i> (L.) Medik.,The Biology of Canadian Weeds. 159. <i>Capsella bursa-pastoris</i> (L.) Medik.,2021-11-05,2021,article,https://doi.org/10.1139/cjps-2021-0059,9,TRUE,bronze,UBC,NA,University of British Columbia
Marie Gutgesell,https://openalex.org/A5059823048,Marie Gutgesell,https://orcid.org/0000-0001-7561-7409,https://openalex.org/W4205870071,On the Dynamic Nature of Omnivory in a Changing World,On the Dynamic Nature of Omnivory in a Changing World,2021-12-16,2021,article,https://doi.org/10.1093/biosci/biab144,23,FALSE,closed,Guelph,PhD,University of Guelph
Marie Gutgesell,https://openalex.org/A5059823048,Marie Gutgesell,https://orcid.org/0000-0001-7561-7409,https://openalex.org/W4409359535,Agricultural land-use change seasonally rewires stream food webs: a case study from headwater streams in the Lake Erie watershed,Agricultural land-use change seasonally rewires stream food webs: a case study from headwater streams in the Lake Erie watershed,2025-01-01,2025,article,https://doi.org/10.1139/facets-2023-0196,3,TRUE,gold,Guelph,PhD,University of Guelph
Marie Gutgesell,https://openalex.org/A5059823048,Marie Gutgesell,https://orcid.org/0000-0001-7561-7409,https://openalex.org/W4285795063,Subsidy accessibility drives asymmetric food web responses,Subsidy accessibility drives asymmetric food web responses,2022-07-19,2022,article,https://doi.org/10.1002/ecy.3817,3,FALSE,closed,Guelph,PhD,University of Guelph
Shuang Liu,https://openalex.org/A5031995175,Shuang Liu,https://orcid.org/0000-0002-0716-2868,https://openalex.org/W4294591632,Freshwater adaptation in prickly sculpin (Pisces: Cottidae): intraspecific comparisons reveal evidence for water pH and Na+ concentration driving diversity in gill H+-ATPase and ion regulation,Freshwater adaptation in prickly sculpin (Pisces: Cottidae): intraspecific comparisons reveal evidence for water pH and Na+ concentration driving diversity in gill H+-ATPase and ion regulation,2022-09-05,2022,article,https://doi.org/10.1242/jeb.243500,1,TRUE,bronze,UBC,NA,University of British Columbia
Tess McRae,https://openalex.org/A5009791085,Tess M. McRae,https://orcid.org/0000-0001-9860-7852,https://openalex.org/W4396918824,Killer whale respiration rates,Killer whale respiration rates,2024-05-15,2024,article,https://doi.org/10.1371/journal.pone.0302758,11,TRUE,gold,UBC,NA,University of British Columbia
Bianca Sacchi,https://openalex.org/A5032086005,Bianca M. Sacchi,https://orcid.org/0000-0003-1325-1821,https://openalex.org/W4394761134,Phased Assembly of Neo-Sex Chromosomes Reveals Extensive Y Degeneration and Rapid Genome Evolution in <i>Rumex hastatulus</i>,Phased Assembly of Neo-Sex Chromosomes Reveals Extensive Y Degeneration and Rapid Genome Evolution in <i>Rumex hastatulus</i>,2024-04-01,2024,article,https://doi.org/10.1093/molbev/msae074,29,TRUE,gold,UofT,PhD,University of Toronto
